Issue ID,Project ID,Issue Reported,Date Reported,Severity,Reported By,Status
1,40,Login failure due to timeout,2025-09-05,High,Sibella Ladlow,In Progress
2,54,Login failure due to timeout,2025-10-01,Low,Gweneth O'Dougherty,Resolved
3,167,Data sync mismatch,2025-10-04,Low,Laureen Fumagallo,Resolved
4,146,SSL certificate renewal pending,2025-09-01,High,Rosemary Hassan,Resolved
5,162,Unauthorized access attempt,2025-07-10,Low,Dani Filipov,Closed
6,129,Data sync mismatch,2025-08-28,Medium,Rosemary Hassan,In Progress
7,98,Firewall configuration mismatch,2025-09-19,Low,Felisha Hawkett,Resolved
8,190,Server crash event,2025-06-01,Medium,Domini McGowan,Resolved
9,73,Login failure due to timeout,2025-09-26,Critical,Felisha Hawkett,Open
10,33,Unauthorized access attempt,2025-08-30,Low,Jinny Sellors,Resolved
11,171,Data sync mismatch,2025-10-03,Low,Teena Rydings,Open
12,23,Database connection timeout,2025-07-08,Medium,Valentine Perin,Closed
13,60,Database connection timeout,2025-09-24,Medium,Felisha Hawkett,Closed
14,27,SSL certificate renewal pending,2025-06-07,Medium,Bill Harkins,Resolved
15,153,Database connection timeout,2025-06-09,Critical,Francois Bilsland,Resolved
16,132,SSL certificate renewal pending,2025-08-09,Low,Tobias Jorge,Closed
17,31,Login failure due to timeout,2025-08-14,Low,Piotr Zisneros,Open
18,196,SSL certificate renewal pending,2025-08-01,Critical,Moore Bickardike,Open
19,226,Login failure due to timeout,2025-09-30,Critical,Kala D'Acth,Open
20,85,Login failure due to timeout,2025-09-18,Medium,Chip Alenshev,In Progress
21,117,Firewall configuration mismatch,2025-06-30,Medium,Kimble Ayers,In Progress
22,23,Database connection timeout,2025-09-23,Medium,Cleo Frede,In Progress
23,173,SSL certificate renewal pending,2025-09-20,Low,Salvador Zahor,Open
24,116,Unauthorized access attempt,2025-09-03,Critical,Zora Lynock,Open
25,74,Login failure due to timeout,2025-10-15,Low,Sherman McHardy,Open
26,47,Data sync mismatch,2025-06-02,Low,Margareta Wainscoat,Closed
27,53,Login failure due to timeout,2025-08-15,Low,Valentine Perin,In Progress
28,65,SSL certificate renewal pending,2025-09-14,Critical,Salvador Zahor,Open
29,106,Firewall configuration mismatch,2025-07-01,Medium,Mannie O'Suaird,In Progress
30,122,Database connection timeout,2025-10-17,Medium,Valentine Perin,Resolved
31,81,Login failure due to timeout,2025-08-28,Medium,Tito Snowden,Open
32,203,Server crash event,2025-09-20,Medium,Micaela Ricci,Open
33,4,Firewall configuration mismatch,2025-07-30,Medium,Laureen Fumagallo,Open
34,29,API latency detected,2025-06-30,Medium,Domini McGowan,In Progress
35,110,Server crash event,2025-10-28,Low,Kitty Callum,Resolved
36,117,Firewall configuration mismatch,2025-08-29,Low,Nicolis Prahl,In Progress
37,233,SSL certificate renewal pending,2025-06-17,Medium,Sibella Ladlow,Resolved
38,237,Firewall configuration mismatch,2025-10-15,High,Sheffield Blockwell,In Progress
39,121,Database connection timeout,2025-08-28,Low,Cordy Jellicorse,Resolved
40,196,SSL certificate renewal pending,2025-06-07,Critical,Margareta Wainscoat,In Progress
41,81,Login failure due to timeout,2025-09-18,Critical,Rosemary Hassan,Closed
42,219,Login failure due to timeout,2025-06-21,Low,Elka Foresight,Open
43,124,Unauthorized access attempt,2025-06-19,Medium,Bill Harkins,Open
44,245,Server crash event,2025-10-12,Low,Mannie O'Suaird,Resolved
45,113,Database connection timeout,2025-08-23,Low,Tomkin Langtree,Resolved
46,230,SSL certificate renewal pending,2025-08-15,Low,Elka Foresight,Open
47,84,Data sync mismatch,2025-08-14,Critical,Laureen Fumagallo,Resolved
48,232,Server crash event,2025-10-21,Low,Briana Aneley,In Progress
49,140,Unauthorized access attempt,2025-07-30,Medium,Elka Foresight,Resolved
50,29,API latency detected,2025-09-06,High,Dani Filipov,Resolved
51,58,Login failure due to timeout,2025-07-31,Low,Valentine Perin,In Progress
52,87,Server crash event,2025-06-15,Low,Kimble Ayers,Closed
53,130,Firewall configuration mismatch,2025-08-27,Medium,Roderich Souttar,Closed
54,193,Login failure due to timeout,2025-09-21,Medium,Daven Nestoruk,Closed
55,83,API latency detected,2025-06-01,Low,Felisha Hawkett,Open
56,171,Data sync mismatch,2025-10-08,Low,Roderich Souttar,In Progress
57,155,Data sync mismatch,2025-10-14,High,Wake Norgan,Resolved
58,242,Unauthorized access attempt,2025-07-03,High,Daven Nestoruk,Open
59,196,SSL certificate renewal pending,2025-06-21,Low,Flo Hume,In Progress
60,136,Unauthorized access attempt,2025-07-17,Critical,Sheffield Blockwell,In Progress
61,106,Firewall configuration mismatch,2025-07-19,Low,Wake Norgan,Resolved
62,21,Login failure due to timeout,2025-09-09,High,Nicolis Prahl,Resolved
63,83,API latency detected,2025-06-13,Critical,Teena Rydings,Open
64,58,Login failure due to timeout,2025-06-11,Low,Maritsa Klement,Open
65,88,Database connection timeout,2025-10-21,Medium,Kimble Ayers,Open
66,93,Unauthorized access attempt,2025-07-10,High,Nicolle Hully,Closed
67,20,Database connection timeout,2025-06-04,High,Leopold Milkin,In Progress
68,72,Data sync mismatch,2025-10-29,Low,Tomkin Langtree,Open
69,208,Data sync mismatch,2025-07-17,Critical,Gaspar Pessler,Resolved
70,223,Server crash event,2025-09-16,High,Rosemary Hassan,Open
71,171,Data sync mismatch,2025-10-16,Medium,Francois Bilsland,In Progress
72,145,SSL certificate renewal pending,2025-09-05,Critical,Wini Simkovitz,Closed
73,244,Firewall configuration mismatch,2025-07-16,Medium,Leopold Milkin,Resolved
74,244,Firewall configuration mismatch,2025-07-04,Medium,Mycah Mussen,In Progress
75,39,Database connection timeout,2025-07-20,Low,Leopold Milkin,Resolved
76,153,Database connection timeout,2025-07-15,Medium,Sheffield Blockwell,Closed
77,4,Firewall configuration mismatch,2025-06-09,High,Margareta Wainscoat,In Progress
78,13,SSL certificate renewal pending,2025-07-21,Low,Laureen Fumagallo,Closed
79,243,Firewall configuration mismatch,2025-09-20,Medium,Micaela Ricci,Closed
80,147,Unauthorized access attempt,2025-10-30,High,Rosemary Hassan,In Progress
81,68,Login failure due to timeout,2025-09-14,Medium,Wini Simkovitz,Open
82,132,SSL certificate renewal pending,2025-09-23,Low,Putnam Lockton,Open
83,136,Unauthorized access attempt,2025-06-06,Low,Elka Foresight,Open
84,38,Data sync mismatch,2025-09-29,High,Sheffield Blockwell,Resolved
85,63,SSL certificate renewal pending,2025-07-05,Low,Tobias Jorge,Open
86,125,Unauthorized access attempt,2025-10-25,Low,Tessi MacAlaster,Open
87,156,Data sync mismatch,2025-09-19,High,Nicolle Hully,Open
88,150,API latency detected,2025-07-17,High,Nicolle Hully,In Progress
89,123,Server crash event,2025-10-09,High,Laureen Fumagallo,Closed
90,77,API latency detected,2025-08-13,High,Jinny Sellors,Open
91,172,Login failure due to timeout,2025-07-26,Medium,Felisha Hawkett,In Progress
92,187,Firewall configuration mismatch,2025-07-27,High,Kitty Callum,Open
93,133,API latency detected,2025-07-23,Low,Felisha Hawkett,Closed
94,92,Firewall configuration mismatch,2025-09-12,Low,Chip Alenshev,In Progress
95,66,API latency detected,2025-08-06,Low,Francois Bilsland,Closed
96,22,API latency detected,2025-09-21,Low,Wini Simkovitz,Resolved
97,218,SSL certificate renewal pending,2025-10-11,Critical,Laureen Fumagallo,Resolved
98,174,Login failure due to timeout,2025-07-04,High,Angelle Abramzon,In Progress
99,195,Firewall configuration mismatch,2025-06-23,High,Kimble Ayers,Closed
100,170,Unauthorized access attempt,2025-09-02,Medium,Kimble Ayers,In Progress
101,159,Login failure due to timeout,2025-10-25,Medium,Domini McGowan,Closed
102,212,Database connection timeout,2025-09-04,Low,Wake Norgan,Open
103,204,Firewall configuration mismatch,2025-10-08,Medium,Bill Harkins,Open
104,214,Unauthorized access attempt,2025-08-09,High,Micaela Ricci,Open
105,165,Data sync mismatch,2025-07-20,Critical,Kitty Callum,Closed
106,155,Data sync mismatch,2025-09-16,Critical,Briana Aneley,In Progress
107,88,Database connection timeout,2025-08-24,Low,Gayla Lilbourne,Resolved
108,46,Database connection timeout,2025-08-05,Low,Sibella Ladlow,Open
109,1,API latency detected,2025-08-09,Medium,Nicolle Hully,In Progress
110,224,Data sync mismatch,2025-08-28,High,Laurent Elverston,Closed
111,151,Database connection timeout,2025-07-10,Critical,Tobias Jorge,Closed
112,106,Firewall configuration mismatch,2025-10-13,Low,Margareta Wainscoat,Closed
113,236,API latency detected,2025-10-26,Medium,Cordy Jellicorse,In Progress
114,33,Unauthorized access attempt,2025-08-07,Medium,Daven Nestoruk,Resolved
115,154,Unauthorized access attempt,2025-07-18,Low,Laurent Elverston,Open
116,148,API latency detected,2025-10-10,Critical,Leopold Milkin,Resolved
117,230,SSL certificate renewal pending,2025-08-10,Low,Jacquie Feldbrin,Open
118,114,Database connection timeout,2025-08-18,High,Kimble Ayers,In Progress
119,71,Database connection timeout,2025-10-05,Critical,Roderich Souttar,Closed
120,138,Server crash event,2025-08-25,Critical,Dani Filipov,Open
121,165,Data sync mismatch,2025-08-03,Medium,Zora Lynock,Open
122,237,Firewall configuration mismatch,2025-10-29,Low,Angelle Abramzon,In Progress
123,94,SSL certificate renewal pending,2025-10-16,Critical,Flo Hume,Closed
124,177,Server crash event,2025-09-04,Medium,Bill Harkins,In Progress
125,59,Server crash event,2025-06-23,Low,Cordy Jellicorse,Resolved
126,67,API latency detected,2025-07-21,Low,Gaspar Pessler,Resolved
127,234,Server crash event,2025-10-14,Low,Briana Aneley,In Progress
128,6,Firewall configuration mismatch,2025-06-07,Low,Wini Simkovitz,In Progress
129,33,Unauthorized access attempt,2025-10-10,Low,Gweneth O'Dougherty,In Progress
130,169,SSL certificate renewal pending,2025-08-27,High,Cordy Jellicorse,In Progress
131,60,Database connection timeout,2025-07-01,Low,Zora Lynock,Resolved
132,97,Unauthorized access attempt,2025-06-26,Low,Tessi MacAlaster,Closed
133,129,Data sync mismatch,2025-06-15,Low,Briana Aneley,Resolved
134,20,Database connection timeout,2025-09-09,Medium,Nicolis Prahl,In Progress
135,77,API latency detected,2025-08-15,Medium,Piotr Zisneros,In Progress
136,240,Server crash event,2025-06-10,High,Valentine Perin,Open
137,157,SSL certificate renewal pending,2025-07-30,Low,Jinny Sellors,Resolved
138,62,Data sync mismatch,2025-06-19,High,Kimble Ayers,In Progress
139,144,Server crash event,2025-06-03,Low,Daven Nestoruk,In Progress
140,99,Server crash event,2025-07-01,High,Ermentrude Davys,Open
141,232,Server crash event,2025-09-25,Low,Cordy Jellicorse,In Progress
142,29,API latency detected,2025-06-03,Low,Roderich Souttar,In Progress
143,141,Login failure due to timeout,2025-08-29,High,Leopold Milkin,Resolved
144,62,Data sync mismatch,2025-08-28,Low,Margareta Wainscoat,Closed
145,32,Database connection timeout,2025-06-01,Low,Mycah Mussen,Resolved
146,223,Server crash event,2025-08-31,Critical,Felisha Hawkett,Open
147,220,API latency detected,2025-10-11,Medium,Micaela Ricci,Closed
148,234,Server crash event,2025-08-27,Medium,Roderich Souttar,Closed
149,238,Database connection timeout,2025-07-18,Medium,Gayla Lilbourne,In Progress
150,62,Data sync mismatch,2025-09-09,Low,Sheffield Blockwell,Resolved
151,113,Database connection timeout,2025-07-11,Low,Kala D'Acth,Resolved
152,246,Firewall configuration mismatch,2025-07-15,Low,Kitty Callum,In Progress
153,178,Server crash event,2025-07-28,Low,Gaspar Pessler,Closed
154,95,Data sync mismatch,2025-06-17,Medium,Kimble Ayers,Open
155,168,API latency detected,2025-06-15,Medium,Putnam Lockton,In Progress
156,175,Unauthorized access attempt,2025-10-06,Low,Ermentrude Davys,Closed
157,26,Login failure due to timeout,2025-09-11,Low,Tomkin Langtree,Resolved
158,30,API latency detected,2025-06-28,Low,Jacquie Feldbrin,Open
159,63,SSL certificate renewal pending,2025-07-26,Critical,Sherman McHardy,In Progress
160,124,Unauthorized access attempt,2025-06-12,Low,Tessi MacAlaster,Resolved
161,195,Firewall configuration mismatch,2025-10-24,Medium,Mycah Mussen,Closed
162,247,SSL certificate renewal pending,2025-08-06,High,Mycah Mussen,Closed
163,247,SSL certificate renewal pending,2025-09-11,Medium,Laureen Fumagallo,In Progress
164,54,Login failure due to timeout,2025-10-12,Low,Tito Snowden,Open
165,205,SSL certificate renewal pending,2025-08-13,Low,Sheffield Blockwell,In Progress
166,178,Server crash event,2025-09-19,Low,Tito Snowden,Open
167,247,SSL certificate renewal pending,2025-10-25,Low,Briana Aneley,Closed
168,24,Firewall configuration mismatch,2025-07-07,Low,Valentine Perin,Closed
169,81,Login failure due to timeout,2025-07-26,Low,Domini McGowan,Resolved
170,29,API latency detected,2025-08-12,Low,Wini Simkovitz,Resolved
171,34,Database connection timeout,2025-10-23,High,Laureen Fumagallo,Open
172,87,Server crash event,2025-08-07,Medium,Micaela Ricci,Closed
173,4,Firewall configuration mismatch,2025-08-14,Low,Gaspar Pessler,Open
174,190,Server crash event,2025-10-01,Low,Laurent Elverston,Resolved
175,178,Server crash event,2025-09-23,High,Wake Norgan,Open
176,211,Login failure due to timeout,2025-07-08,Critical,Maritsa Klement,Open
177,219,Login failure due to timeout,2025-09-23,Medium,Sibella Ladlow,In Progress
178,55,API latency detected,2025-06-27,High,Chip Alenshev,Open
179,48,Data sync mismatch,2025-10-13,Critical,Ermentrude Davys,Resolved
180,185,Login failure due to timeout,2025-09-18,High,Wini Simkovitz,Resolved
181,137,SSL certificate renewal pending,2025-10-29,Low,Laureen Fumagallo,Resolved
182,235,Data sync mismatch,2025-08-10,Low,Daven Nestoruk,Resolved
183,61,SSL certificate renewal pending,2025-10-22,High,Wini Simkovitz,In Progress
184,196,SSL certificate renewal pending,2025-10-24,Low,Ermentrude Davys,Closed
185,166,SSL certificate renewal pending,2025-08-28,Low,Sherman McHardy,In Progress
186,191,Firewall configuration mismatch,2025-10-28,Low,Mycah Mussen,Open
187,30,API latency detected,2025-10-19,High,Tomkin Langtree,In Progress
188,108,API latency detected,2025-08-17,Low,Nicolis Prahl,Closed
189,34,Database connection timeout,2025-10-27,Low,Kala D'Acth,Resolved
190,183,Login failure due to timeout,2025-08-08,Low,Sherman McHardy,Open
191,238,Database connection timeout,2025-06-15,Low,Sibella Ladlow,Closed
192,197,Server crash event,2025-06-16,High,Tito Snowden,Closed
193,213,Database connection timeout,2025-10-05,Low,Zora Lynock,Closed
194,217,Unauthorized access attempt,2025-07-02,High,Laureen Fumagallo,Closed
195,194,SSL certificate renewal pending,2025-09-11,Low,Chip Alenshev,Closed
196,17,Login failure due to timeout,2025-08-21,High,Laurent Elverston,In Progress
197,81,Login failure due to timeout,2025-10-02,Low,Kimble Ayers,Resolved
198,250,Data sync mismatch,2025-06-15,High,Laurent Elverston,In Progress
199,90,Firewall configuration mismatch,2025-06-24,Low,Briana Aneley,Open
200,242,Unauthorized access attempt,2025-07-31,Low,Gaspar Pessler,Open
201,192,SSL certificate renewal pending,2025-06-09,Low,Wake Norgan,Open
202,225,Database connection timeout,2025-09-21,High,Tito Snowden,Open
203,250,Data sync mismatch,2025-08-06,High,Domini McGowan,In Progress
204,186,SSL certificate renewal pending,2025-06-17,Low,Mannie O'Suaird,In Progress
205,137,SSL certificate renewal pending,2025-10-08,Critical,Sheffield Blockwell,In Progress
206,51,Login failure due to timeout,2025-10-29,Medium,Chip Alenshev,Resolved
207,186,SSL certificate renewal pending,2025-10-19,High,Maritsa Klement,Resolved
208,66,API latency detected,2025-10-02,Critical,Wini Simkovitz,Resolved
209,145,SSL certificate renewal pending,2025-10-27,High,Briana Aneley,Open
210,242,Unauthorized access attempt,2025-08-30,Medium,Laureen Fumagallo,In Progress
211,211,Login failure due to timeout,2025-07-18,Medium,Flo Hume,In Progress
212,148,API latency detected,2025-10-08,Low,Sheffield Blockwell,Resolved
213,185,Login failure due to timeout,2025-10-04,Low,Briana Aneley,Open
214,155,Data sync mismatch,2025-07-14,Low,Francois Bilsland,Closed
215,79,SSL certificate renewal pending,2025-06-07,Medium,Leopold Milkin,In Progress
216,65,SSL certificate renewal pending,2025-08-22,High,Laureen Fumagallo,Closed
217,111,SSL certificate renewal pending,2025-09-15,Low,Jinny Sellors,Closed
218,216,API latency detected,2025-10-15,Low,Sibella Ladlow,In Progress
219,229,Login failure due to timeout,2025-08-11,Medium,Sheffield Blockwell,Closed
220,198,API latency detected,2025-07-15,Critical,Flo Hume,Open
221,154,Unauthorized access attempt,2025-09-13,Low,Valentine Perin,In Progress
222,159,Login failure due to timeout,2025-06-11,Medium,Angelle Abramzon,Closed
223,30,API latency detected,2025-09-08,Medium,Bill Harkins,Open
224,109,SSL certificate renewal pending,2025-07-01,High,Angelle Abramzon,Resolved
225,87,Server crash event,2025-09-09,Low,Kala D'Acth,Open
226,163,API latency detected,2025-09-23,High,Sheffield Blockwell,Open
227,213,Database connection timeout,2025-07-05,High,Laureen Fumagallo,Open
228,76,Data sync mismatch,2025-08-24,Medium,Jinny Sellors,Closed
229,221,SSL certificate renewal pending,2025-07-18,Low,Angelle Abramzon,Closed
230,24,Firewall configuration mismatch,2025-10-20,High,Jacquie Feldbrin,Resolved
231,228,Firewall configuration mismatch,2025-08-16,Low,Cordy Jellicorse,Resolved
232,141,Login failure due to timeout,2025-08-11,Low,Gweneth O'Dougherty,Resolved
233,177,Server crash event,2025-06-28,High,Moore Bickardike,Closed
234,68,Login failure due to timeout,2025-06-08,Medium,Wake Norgan,Resolved
235,52,Firewall configuration mismatch,2025-10-27,Medium,Zora Lynock,Closed
236,10,Database connection timeout,2025-08-11,Medium,Valentine Perin,Resolved
237,112,Database connection timeout,2025-08-02,High,Nicolis Prahl,In Progress
238,135,Firewall configuration mismatch,2025-07-31,Low,Tito Snowden,Resolved
239,115,Data sync mismatch,2025-07-07,Low,Cordy Jellicorse,Open
240,219,Login failure due to timeout,2025-07-20,Medium,Tessi MacAlaster,In Progress
241,190,Server crash event,2025-07-13,Low,Kala D'Acth,Open
242,228,Firewall configuration mismatch,2025-09-05,Low,Piotr Zisneros,In Progress
243,62,Data sync mismatch,2025-07-30,Low,Salvador Zahor,Open
244,26,Login failure due to timeout,2025-08-03,Low,Sherman McHardy,Resolved
245,220,API latency detected,2025-07-29,High,Laureen Fumagallo,In Progress
246,192,SSL certificate renewal pending,2025-10-07,Medium,Tito Snowden,Resolved
247,245,Server crash event,2025-06-24,Low,Rosemary Hassan,Closed
248,55,API latency detected,2025-08-17,Low,Jinny Sellors,In Progress
249,18,Server crash event,2025-10-03,Medium,Mannie O'Suaird,In Progress
250,60,Database connection timeout,2025-06-27,Low,Valentine Perin,Open
251,243,Firewall configuration mismatch,2025-09-29,Low,Angelle Abramzon,Open
252,208,Data sync mismatch,2025-07-13,High,Zora Lynock,Open
253,243,Firewall configuration mismatch,2025-06-27,Low,Jinny Sellors,In Progress
254,153,Database connection timeout,2025-06-09,Low,Daven Nestoruk,Open
255,103,Firewall configuration mismatch,2025-08-26,Low,Bill Harkins,In Progress
256,25,API latency detected,2025-10-05,High,Margareta Wainscoat,Resolved
257,102,API latency detected,2025-06-05,High,Moore Bickardike,Closed
258,99,Server crash event,2025-07-06,Medium,Leopold Milkin,Open
259,91,Firewall configuration mismatch,2025-08-02,Low,Piotr Zisneros,In Progress
260,111,SSL certificate renewal pending,2025-09-07,Critical,Margareta Wainscoat,Closed
261,53,Login failure due to timeout,2025-07-31,Medium,Roderich Souttar,In Progress
262,209,Unauthorized access attempt,2025-10-05,Critical,Francois Bilsland,Resolved
263,250,Data sync mismatch,2025-08-13,Low,Kimble Ayers,Resolved
264,105,Database connection timeout,2025-09-18,Low,Flo Hume,Closed
265,27,SSL certificate renewal pending,2025-09-22,Medium,Zora Lynock,In Progress
266,66,API latency detected,2025-09-01,Medium,Laurent Elverston,Closed
267,226,Login failure due to timeout,2025-10-21,Low,Micaela Ricci,In Progress
268,46,Database connection timeout,2025-07-24,Critical,Kitty Callum,Open
269,104,Login failure due to timeout,2025-07-03,Low,Dani Filipov,Open
270,128,Server crash event,2025-08-08,Medium,Moore Bickardike,In Progress
271,77,API latency detected,2025-09-12,High,Jacquie Feldbrin,In Progress
272,129,Data sync mismatch,2025-07-04,Low,Gayla Lilbourne,Resolved
273,249,Data sync mismatch,2025-09-30,Medium,Dani Filipov,In Progress
274,200,API latency detected,2025-09-17,Low,Wake Norgan,Resolved
275,102,API latency detected,2025-10-13,Medium,Nicolis Prahl,In Progress
276,20,Database connection timeout,2025-08-11,Low,Teena Rydings,Open
277,108,API latency detected,2025-07-17,Low,Tobias Jorge,In Progress
278,109,SSL certificate renewal pending,2025-10-04,High,Putnam Lockton,Resolved
279,43,SSL certificate renewal pending,2025-08-08,Low,Laurent Elverston,Open
280,227,Server crash event,2025-07-18,Medium,Mannie O'Suaird,In Progress
281,152,SSL certificate renewal pending,2025-06-01,Medium,Elka Foresight,In Progress
282,194,SSL certificate renewal pending,2025-08-10,Critical,Mycah Mussen,In Progress
283,152,SSL certificate renewal pending,2025-09-24,Medium,Laureen Fumagallo,Open
284,57,Login failure due to timeout,2025-10-12,High,Mannie O'Suaird,Closed
285,114,Database connection timeout,2025-07-20,Medium,Tessi MacAlaster,Open
286,119,Login failure due to timeout,2025-07-28,High,Roderich Souttar,In Progress
287,81,Login failure due to timeout,2025-09-19,Medium,Kimble Ayers,In Progress
288,193,Login failure due to timeout,2025-10-16,Critical,Mycah Mussen,Resolved
289,155,Data sync mismatch,2025-10-05,Medium,Tobias Jorge,Resolved
290,86,Firewall configuration mismatch,2025-06-07,Medium,Briana Aneley,In Progress
291,140,Unauthorized access attempt,2025-09-27,Medium,Chip Alenshev,Closed
292,167,Data sync mismatch,2025-10-29,Critical,Rosemary Hassan,Closed
293,195,Firewall configuration mismatch,2025-06-25,High,Gayla Lilbourne,Open
294,12,Database connection timeout,2025-06-23,Medium,Tessi MacAlaster,Open
295,180,Login failure due to timeout,2025-08-25,Critical,Angelle Abramzon,Closed
296,238,Database connection timeout,2025-09-20,High,Gaspar Pessler,Open
297,181,Data sync mismatch,2025-09-30,Medium,Piotr Zisneros,Resolved
298,76,Data sync mismatch,2025-09-01,Medium,Elka Foresight,Open
299,210,Login failure due to timeout,2025-06-12,Low,Dani Filipov,Closed
300,98,Firewall configuration mismatch,2025-06-30,Medium,Wini Simkovitz,Closed
301,66,API latency detected,2025-08-15,Low,Chip Alenshev,In Progress
302,227,Server crash event,2025-06-23,Medium,Kitty Callum,Resolved
303,122,Database connection timeout,2025-07-20,Low,Rosemary Hassan,In Progress
304,104,Login failure due to timeout,2025-07-27,Low,Daven Nestoruk,In Progress
305,16,API latency detected,2025-08-21,Low,Sherman McHardy,Closed
306,175,Unauthorized access attempt,2025-06-23,Low,Teena Rydings,Closed
307,69,Firewall configuration mismatch,2025-10-25,Critical,Putnam Lockton,Resolved
308,53,Login failure due to timeout,2025-07-08,High,Flo Hume,Open
309,131,Server crash event,2025-09-19,Low,Zora Lynock,Resolved
310,146,SSL certificate renewal pending,2025-10-05,Critical,Wake Norgan,Closed
311,189,Unauthorized access attempt,2025-08-29,Critical,Daven Nestoruk,Closed
312,182,API latency detected,2025-08-23,High,Kimble Ayers,Open
313,130,Firewall configuration mismatch,2025-06-03,Medium,Domini McGowan,Closed
314,127,SSL certificate renewal pending,2025-10-28,Low,Mannie O'Suaird,Closed
315,147,Unauthorized access attempt,2025-09-15,Medium,Cleo Frede,Resolved
316,25,API latency detected,2025-07-15,Medium,Tito Snowden,Closed
317,130,Firewall configuration mismatch,2025-07-25,High,Nicolis Prahl,Open
318,167,Data sync mismatch,2025-09-25,High,Kitty Callum,Open
319,242,Unauthorized access attempt,2025-09-09,Low,Piotr Zisneros,Open
320,212,Database connection timeout,2025-10-11,Medium,Elka Foresight,Resolved
321,3,Database connection timeout,2025-10-08,Medium,Roderich Souttar,Resolved
322,51,Login failure due to timeout,2025-07-19,Low,Flo Hume,Closed
323,192,SSL certificate renewal pending,2025-08-04,Low,Felisha Hawkett,Resolved
324,207,SSL certificate renewal pending,2025-07-31,Critical,Sheffield Blockwell,Closed
325,33,Unauthorized access attempt,2025-06-07,High,Maritsa Klement,Closed
326,29,API latency detected,2025-09-01,Low,Sheffield Blockwell,Open
327,250,Data sync mismatch,2025-10-26,Medium,Daven Nestoruk,In Progress
328,13,SSL certificate renewal pending,2025-07-31,Low,Zora Lynock,Resolved
329,248,Unauthorized access attempt,2025-08-14,Low,Gaspar Pessler,Closed
330,22,API latency detected,2025-08-26,Medium,Dani Filipov,In Progress
331,40,Login failure due to timeout,2025-06-14,Low,Ermentrude Davys,Closed
332,162,Unauthorized access attempt,2025-07-13,Low,Moore Bickardike,Open
333,204,Firewall configuration mismatch,2025-08-22,Low,Angelle Abramzon,In Progress
334,106,Firewall configuration mismatch,2025-06-21,Low,Chip Alenshev,Closed
335,5,Unauthorized access attempt,2025-09-06,Medium,Tomkin Langtree,Open
336,143,Database connection timeout,2025-09-15,Low,Jacquie Feldbrin,In Progress
337,233,SSL certificate renewal pending,2025-08-21,Medium,Dani Filipov,In Progress
338,100,API latency detected,2025-09-19,High,Margareta Wainscoat,Closed
339,93,Unauthorized access attempt,2025-09-27,Low,Wini Simkovitz,Open
340,5,Unauthorized access attempt,2025-07-20,High,Wini Simkovitz,Open
341,95,Data sync mismatch,2025-08-05,Low,Wini Simkovitz,Open
342,97,Unauthorized access attempt,2025-06-03,Medium,Laurent Elverston,In Progress
343,150,API latency detected,2025-09-04,Medium,Gaspar Pessler,Closed
344,190,Server crash event,2025-07-29,Medium,Tomkin Langtree,Resolved
345,82,Database connection timeout,2025-07-25,Low,Nicolis Prahl,Resolved
346,92,Firewall configuration mismatch,2025-08-29,Low,Wini Simkovitz,Resolved
347,32,Database connection timeout,2025-10-22,High,Mycah Mussen,Resolved
348,210,Login failure due to timeout,2025-09-13,Critical,Cordy Jellicorse,Open
349,45,API latency detected,2025-07-21,Low,Margareta Wainscoat,Closed
350,40,Login failure due to timeout,2025-09-12,High,Bill Harkins,In Progress
351,22,API latency detected,2025-08-08,Critical,Valentine Perin,Resolved
352,110,Server crash event,2025-06-28,Medium,Kala D'Acth,Resolved
353,243,Firewall configuration mismatch,2025-07-06,Medium,Dani Filipov,Resolved
354,230,SSL certificate renewal pending,2025-07-22,Low,Gayla Lilbourne,Resolved
355,154,Unauthorized access attempt,2025-07-10,Medium,Flo Hume,Closed
356,20,Database connection timeout,2025-08-26,Low,Tomkin Langtree,Closed
357,54,Login failure due to timeout,2025-09-02,Critical,Laurent Elverston,Closed
358,58,Login failure due to timeout,2025-07-07,Medium,Leopold Milkin,Closed
359,235,Data sync mismatch,2025-07-02,Critical,Teena Rydings,Closed
360,231,Data sync mismatch,2025-10-21,Medium,Teena Rydings,In Progress
361,125,Unauthorized access attempt,2025-07-28,Low,Sibella Ladlow,In Progress
362,146,SSL certificate renewal pending,2025-09-06,Low,Mycah Mussen,Closed
363,123,Server crash event,2025-06-04,Medium,Jinny Sellors,Resolved
364,194,SSL certificate renewal pending,2025-07-15,Low,Gayla Lilbourne,Open
365,124,Unauthorized access attempt,2025-08-03,High,Cleo Frede,Resolved
366,171,Data sync mismatch,2025-07-16,Low,Cordy Jellicorse,Open
367,244,Firewall configuration mismatch,2025-08-01,Low,Tomkin Langtree,Resolved
368,115,Data sync mismatch,2025-07-22,Medium,Sibella Ladlow,Closed
369,16,API latency detected,2025-10-18,Low,Wake Norgan,In Progress
370,121,Database connection timeout,2025-10-03,Critical,Ermentrude Davys,Resolved
371,29,API latency detected,2025-09-15,Medium,Kala D'Acth,In Progress
372,91,Firewall configuration mismatch,2025-06-21,Medium,Roderich Souttar,Resolved
373,163,API latency detected,2025-10-28,High,Piotr Zisneros,In Progress
374,172,Login failure due to timeout,2025-06-03,Low,Margareta Wainscoat,Resolved
375,18,Server crash event,2025-08-23,Low,Laurent Elverston,Closed
376,175,Unauthorized access attempt,2025-09-06,Low,Nicolis Prahl,Closed
377,179,Database connection timeout,2025-06-02,Critical,Ermentrude Davys,Resolved
378,47,Data sync mismatch,2025-10-27,Low,Sheffield Blockwell,Open
379,15,Data sync mismatch,2025-09-16,High,Kitty Callum,Closed
380,83,API latency detected,2025-06-24,Medium,Domini McGowan,In Progress
381,135,Firewall configuration mismatch,2025-09-27,Low,Gaspar Pessler,Open
382,90,Firewall configuration mismatch,2025-10-09,High,Piotr Zisneros,Open
383,190,Server crash event,2025-07-01,Low,Ermentrude Davys,In Progress
384,208,Data sync mismatch,2025-06-19,Low,Gweneth O'Dougherty,Resolved
385,103,Firewall configuration mismatch,2025-06-06,Low,Putnam Lockton,In Progress
386,245,Server crash event,2025-07-30,Medium,Francois Bilsland,Resolved
387,250,Data sync mismatch,2025-09-28,Low,Kimble Ayers,Open
388,208,Data sync mismatch,2025-07-03,Low,Sibella Ladlow,Closed
389,68,Login failure due to timeout,2025-10-12,Medium,Angelle Abramzon,Resolved
390,149,API latency detected,2025-08-18,Low,Cordy Jellicorse,Closed
391,54,Login failure due to timeout,2025-07-04,Low,Gayla Lilbourne,Closed
392,6,Firewall configuration mismatch,2025-07-09,Low,Laurent Elverston,Closed
393,79,SSL certificate renewal pending,2025-07-27,High,Valentine Perin,Resolved
394,77,API latency detected,2025-08-16,Medium,Dani Filipov,Resolved
395,113,Database connection timeout,2025-09-04,Medium,Mannie O'Suaird,Open
396,39,Database connection timeout,2025-06-06,Medium,Moore Bickardike,Closed
397,227,Server crash event,2025-08-05,Medium,Mycah Mussen,Resolved
398,214,Unauthorized access attempt,2025-09-29,Low,Laureen Fumagallo,Resolved
399,139,API latency detected,2025-08-30,Low,Sibella Ladlow,Closed
400,127,SSL certificate renewal pending,2025-10-26,Critical,Elka Foresight,Open
401,141,Login failure due to timeout,2025-09-08,Low,Angelle Abramzon,In Progress
402,30,API latency detected,2025-06-27,Low,Jinny Sellors,Closed
403,43,SSL certificate renewal pending,2025-06-07,Low,Maritsa Klement,Closed
404,77,API latency detected,2025-08-29,Critical,Kimble Ayers,Resolved
405,211,Login failure due to timeout,2025-08-14,Low,Sibella Ladlow,In Progress
406,65,SSL certificate renewal pending,2025-08-27,Low,Mycah Mussen,In Progress
407,110,Server crash event,2025-10-09,Low,Sibella Ladlow,Closed
408,33,Unauthorized access attempt,2025-07-26,Medium,Sherman McHardy,Closed
409,1,API latency detected,2025-09-03,Low,Tobias Jorge,Closed
410,55,API latency detected,2025-06-20,Medium,Laureen Fumagallo,Resolved
411,119,Login failure due to timeout,2025-08-23,Low,Nicolle Hully,Resolved
412,63,SSL certificate renewal pending,2025-07-24,Low,Gayla Lilbourne,In Progress
413,37,Login failure due to timeout,2025-08-14,Low,Margareta Wainscoat,Open
414,80,SSL certificate renewal pending,2025-09-05,High,Chip Alenshev,In Progress
415,33,Unauthorized access attempt,2025-06-02,Medium,Sibella Ladlow,Open
416,199,Firewall configuration mismatch,2025-10-14,Medium,Margareta Wainscoat,Resolved
417,37,Login failure due to timeout,2025-10-11,High,Rosemary Hassan,Closed
418,212,Database connection timeout,2025-06-26,High,Dani Filipov,In Progress
419,67,API latency detected,2025-09-05,Low,Wake Norgan,Open
420,142,Unauthorized access attempt,2025-07-27,Medium,Flo Hume,Open
421,48,Data sync mismatch,2025-09-10,Critical,Maritsa Klement,In Progress
422,92,Firewall configuration mismatch,2025-08-16,Medium,Kitty Callum,Closed
423,183,Login failure due to timeout,2025-08-24,Low,Gaspar Pessler,In Progress
424,242,Unauthorized access attempt,2025-09-24,Low,Zora Lynock,Closed
425,39,Database connection timeout,2025-10-14,Low,Flo Hume,In Progress
426,68,Login failure due to timeout,2025-10-12,Medium,Maritsa Klement,Closed
427,33,Unauthorized access attempt,2025-06-29,Medium,Gaspar Pessler,Open
428,248,Unauthorized access attempt,2025-06-14,Medium,Bill Harkins,Resolved
429,136,Unauthorized access attempt,2025-10-22,Low,Moore Bickardike,Resolved
430,127,SSL certificate renewal pending,2025-08-31,Low,Teena Rydings,Open
431,222,API latency detected,2025-06-03,Medium,Tessi MacAlaster,Closed
432,70,API latency detected,2025-06-28,High,Piotr Zisneros,Resolved
433,128,Server crash event,2025-08-01,Medium,Margareta Wainscoat,Closed
434,235,Data sync mismatch,2025-08-17,Medium,Mannie O'Suaird,Resolved
435,82,Database connection timeout,2025-07-05,Medium,Ermentrude Davys,Open
436,168,API latency detected,2025-06-04,Medium,Briana Aneley,Closed
437,66,API latency detected,2025-09-30,Low,Rosemary Hassan,Closed
438,106,Firewall configuration mismatch,2025-06-11,Medium,Felisha Hawkett,In Progress
439,151,Database connection timeout,2025-09-17,Low,Tito Snowden,Resolved
440,143,Database connection timeout,2025-08-26,High,Angelle Abramzon,In Progress
441,161,Server crash event,2025-06-14,Low,Rosemary Hassan,Open
442,92,Firewall configuration mismatch,2025-10-20,Low,Moore Bickardike,Closed
443,87,Server crash event,2025-06-26,Low,Tobias Jorge,Closed
444,171,Data sync mismatch,2025-07-18,Low,Tessi MacAlaster,Resolved
445,157,SSL certificate renewal pending,2025-06-02,Medium,Gaspar Pessler,In Progress
446,153,Database connection timeout,2025-09-08,Medium,Wake Norgan,Resolved
447,1,API latency detected,2025-07-16,Critical,Sherman McHardy,Open
448,102,API latency detected,2025-06-10,Medium,Valentine Perin,Resolved
449,130,Firewall configuration mismatch,2025-07-03,Medium,Kala D'Acth,In Progress
450,213,Database connection timeout,2025-10-14,Low,Jinny Sellors,Open
451,74,Login failure due to timeout,2025-07-27,Critical,Salvador Zahor,In Progress
452,108,API latency detected,2025-08-02,High,Mycah Mussen,Resolved
453,106,Firewall configuration mismatch,2025-06-23,Low,Moore Bickardike,Open
454,175,Unauthorized access attempt,2025-08-24,Low,Dani Filipov,Open
455,20,Database connection timeout,2025-10-30,Medium,Gayla Lilbourne,In Progress
456,247,SSL certificate renewal pending,2025-07-01,Critical,Ermentrude Davys,Resolved
457,187,Firewall configuration mismatch,2025-06-28,Low,Daven Nestoruk,Closed
458,27,SSL certificate renewal pending,2025-07-13,Medium,Teena Rydings,Closed
459,240,Server crash event,2025-09-19,Low,Putnam Lockton,Resolved
460,159,Login failure due to timeout,2025-10-04,Low,Wake Norgan,Closed
461,18,Server crash event,2025-08-12,Low,Daven Nestoruk,Closed
462,119,Login failure due to timeout,2025-07-31,Medium,Gayla Lilbourne,Resolved
463,174,Login failure due to timeout,2025-09-29,Low,Dani Filipov,Open
464,31,Login failure due to timeout,2025-08-03,High,Micaela Ricci,In Progress
465,229,Login failure due to timeout,2025-09-02,Low,Margareta Wainscoat,Closed
466,36,Server crash event,2025-07-16,Critical,Wake Norgan,In Progress
467,96,Database connection timeout,2025-07-09,Medium,Maritsa Klement,Open
468,113,Database connection timeout,2025-07-17,Low,Jacquie Feldbrin,Open
469,185,Login failure due to timeout,2025-10-28,Critical,Zora Lynock,Open
470,135,Firewall configuration mismatch,2025-06-10,Critical,Ermentrude Davys,In Progress
471,21,Login failure due to timeout,2025-08-13,High,Jinny Sellors,Closed
472,35,Unauthorized access attempt,2025-09-02,Medium,Margareta Wainscoat,Resolved
473,245,Server crash event,2025-07-16,Medium,Kitty Callum,Resolved
474,80,SSL certificate renewal pending,2025-08-04,Low,Tessi MacAlaster,Resolved
475,57,Login failure due to timeout,2025-06-04,Low,Briana Aneley,Open
476,171,Data sync mismatch,2025-07-26,Critical,Moore Bickardike,In Progress
477,181,Data sync mismatch,2025-08-25,Low,Micaela Ricci,Resolved
478,160,Data sync mismatch,2025-07-21,Medium,Kitty Callum,Resolved
479,196,SSL certificate renewal pending,2025-08-04,Low,Kitty Callum,Open
480,50,Unauthorized access attempt,2025-10-08,Low,Gayla Lilbourne,Open
481,38,Data sync mismatch,2025-06-16,Critical,Tessi MacAlaster,Open
482,196,SSL certificate renewal pending,2025-10-21,Low,Tobias Jorge,In Progress
483,2,Database connection timeout,2025-06-07,Low,Nicolle Hully,In Progress
484,54,Login failure due to timeout,2025-07-26,Low,Domini McGowan,In Progress
485,10,Database connection timeout,2025-06-06,Medium,Margareta Wainscoat,In Progress
486,121,Database connection timeout,2025-08-13,High,Laurent Elverston,In Progress
487,233,SSL certificate renewal pending,2025-07-27,Low,Tomkin Langtree,In Progress
488,111,SSL certificate renewal pending,2025-08-03,Low,Roderich Souttar,Closed
489,193,Login failure due to timeout,2025-08-02,Medium,Mycah Mussen,Closed
490,199,Firewall configuration mismatch,2025-10-18,Low,Sherman McHardy,Resolved
491,246,Firewall configuration mismatch,2025-07-24,Low,Sheffield Blockwell,Resolved
492,105,Database connection timeout,2025-06-18,Low,Sibella Ladlow,Resolved
493,170,Unauthorized access attempt,2025-08-04,Low,Sheffield Blockwell,Resolved
494,95,Data sync mismatch,2025-10-27,Medium,Cleo Frede,In Progress
495,170,Unauthorized access attempt,2025-08-11,Medium,Mannie O'Suaird,Closed
496,103,Firewall configuration mismatch,2025-08-11,High,Roderich Souttar,Open
497,123,Server crash event,2025-07-28,Medium,Briana Aneley,Resolved
498,152,SSL certificate renewal pending,2025-08-26,Critical,Kimble Ayers,In Progress
499,116,Unauthorized access attempt,2025-10-08,Medium,Maritsa Klement,Closed
500,178,Server crash event,2025-09-25,Medium,Felisha Hawkett,Resolved
