Project Id,Client Name,Client Email,Project Name,Assigned Engineer,Engineer Email,Project Status,Start Date,Budget (USD),Access Level,Data Sensitivity,Issue Reported,Last Access
1,"Schneider, O'Keefe and Wolff",bcaccavari0@networksolutions.com,Sub-Ex,Tomkin Langtree,tlangtree12@google.cn,Planning,2024-11-23,192828,Team Lead,Low,API latency detected,2025-08-01
2,"Carroll, Emard and Dach",tteece1@reuters.com,Solarbreeze,Sibella Ladlow,sladlowe@usa.gov,Active,2025-12-20,478744,Admin,Medium,Database connection timeout,2025-07-12
3,Emmerich-Bashirian,kbowmer2@ovh.net,Tempsoft,Teena Rydings,trydingss@trellian.com,Active,2025-08-25,192343,Team Lead,Low,Database connection timeout,2025-07-27
4,Runolfsdottir-Johns,alingwood3@soup.io,Trippledex,Wake Norgan,wnorganb@merriam-webster.com,On Hold,2025-08-17,220077,Team Lead,High,Firewall configuration mismatch,2025-07-17
5,"Ankunding, Davis and Casper",pdaulby4@sciencedaily.com,Opela,Kala D'Acth,kdacth1c@youtu.be,Completed,2025-05-20,192975,Team Lead,Low,Unauthorized access attempt,2025-07-20
6,Reinger LLC,zpurches5@odnoklassniki.ru,Matsoft,Sibella Ladlow,sladlowe@usa.gov,On Hold,2025-06-26,68701,Team Lead,Medium,Firewall configuration mismatch,2025-09-03
7,"Prohaska, Cole and Kohler",btwentyman6@flavors.me,Sonair,Sherman McHardy,smchardyt@nba.com,Active,2023-06-08,143046,Team Lead,Low,Login failure due to timeout,2025-08-31
8,"Beahan, Watsica and Osinski",kguillon7@addthis.com,Quo Lux,Putnam Lockton,plockton1a@is.gd,On Hold,2023-11-03,467445,Manager,Low,Server crash event,2025-09-28
9,Jacobson and Sons,ballingham8@spiegel.de,Sub-Ex,Wini Simkovitz,wsimkovitzq@360.cn,Active,2023-06-01,202225,Admin,Low,Database connection timeout,2025-08-08
10,"Nienow, Funk and Waelchi",fedgerton9@altervista.org,Tin,Leopold Milkin,lmilkin1b@ehow.com,On Hold,2023-04-26,153742,Admin,Medium,Database connection timeout,2025-10-13
11,Dickens-Nader,wlazarea@simplemachines.org,Ventosanzap,Jacquie Feldbrin,jfeldbrini@1688.com,Planning,2025-02-17,33906,Engineer,Low,Server crash event,2025-08-11
12,"Kessler, Homenick and Cartwright",icholoninb@bing.com,Stim,Cleo Frede,cfredeu@cdc.gov,On Hold,2023-12-15,173921,Team Lead,Low,Database connection timeout,2025-10-12
13,Paucek-Pagac,zmuirdenc@wordpress.com,Bitwolf,Wini Simkovitz,wsimkovitzq@360.cn,Active,2023-07-18,116452,Manager,Low,SSL certificate renewal pending,2025-10-05
14,Dare Inc,gpointd@godaddy.com,Voltsillam,Nicolle Hully,nhullyr@about.me,Completed,2023-12-22,411789,Manager,Medium,API latency detected,2025-10-02
15,Bergstrom and Sons,cgannicotte@shareasale.com,Daltfresh,Gayla Lilbourne,glilbourne15@paginegialle.it,Active,2023-07-11,94788,Admin,Medium,Data sync mismatch,2025-09-20
16,Marks and Sons,hgaifordf@sbwire.com,Bigtax,Jacquie Feldbrin,jfeldbrini@1688.com,On Hold,2024-07-28,291530,Team Lead,Medium,API latency detected,2025-09-12
17,"Carroll, Rolfson and Kutch",jbarkg@canalblog.com,Redhold,Valentine Perin,vperinc@tamu.edu,Completed,2023-04-12,52473,Manager,Medium,Login failure due to timeout,2025-08-27
18,"Halvorson, Welch and Medhurst",cstutteh@cam.ac.uk,Zathin,Sibella Ladlow,sladlowe@usa.gov,On Hold,2025-01-10,105029,Manager,Low,Server crash event,2025-10-22
19,Hoeger-DuBuque,lathridgei@auda.org.au,Kanlam,Francois Bilsland,fbilsland6@blogspot.com,Completed,2025-05-30,378287,Manager,Low,Data sync mismatch,2025-09-13
20,"Beier, Cassin and Heathcote",dballej@sina.com.cn,Temp,Putnam Lockton,plockton1a@is.gd,Planning,2023-03-16,94483,Team Lead,Medium,Database connection timeout,2025-10-28
21,Larkin-Little,rdockseyk@yandex.ru,Sonsing,Ermentrude Davys,edavyso@blogtalkradio.com,Active,2023-04-09,120721,Team Lead,High,Login failure due to timeout,2025-07-15
22,Cronin LLC,htregenzal@zimbio.com,Bitwolf,Maritsa Klement,mklement19@squidoo.com,On Hold,2024-05-06,214158,Engineer,Low,API latency detected,2025-10-27
23,Auer Group,rkiddlem@house.gov,Tresom,Moore Bickardike,mbickardike2@vinaora.com,On Hold,2025-08-15,212695,Engineer,Low,Database connection timeout,2025-07-08
24,Greenholt Group,sskeenen@flavors.me,Tres-Zap,Rosemary Hassan,rhassanf@infoseek.co.jp,On Hold,2023-10-22,231136,Engineer,Medium,Firewall configuration mismatch,2025-09-22
25,Hodkiewicz-Kihn,kdorseto@bizjournals.com,Veribet,Mycah Mussen,mmussenw@a8.net,Completed,2024-06-20,223907,Admin,High,API latency detected,2025-07-14
26,Ratke-Mosciski,wwaterhowsep@harvard.edu,Redhold,Piotr Zisneros,pzisneros10@clickbank.net,Active,2023-12-14,273809,Engineer,Low,Login failure due to timeout,2025-09-07
27,Bogan LLC,garpq@wix.com,Asoka,Tito Snowden,tsnowdenj@booking.com,On Hold,2025-05-14,167353,Manager,Medium,SSL certificate renewal pending,2025-08-13
28,Monahan Group,cnorthgravesr@t-online.de,Redhold,Tessi MacAlaster,tmacalaster16@etsy.com,Completed,2025-01-15,428218,Engineer,Low,Login failure due to timeout,2025-08-15
29,Barton-Altenwerth,dadels@squidoo.com,Hatity,Maritsa Klement,mklement19@squidoo.com,Planning,2024-11-21,476683,Admin,Medium,API latency detected,2025-08-26
30,"Cole, Thiel and Glover",amoorheadt@elegantthemes.com,Cardguard,Flo Hume,fhumek@blogtalkradio.com,On Hold,2023-02-08,320345,Team Lead,Low,API latency detected,2025-08-22
31,"Schroeder, Lubowitz and Turcotte",bstokeyu@pen.io,Span,Mannie O'Suaird,mosuairdl@cisco.com,Active,2023-05-20,264830,Manager,High,Login failure due to timeout,2025-08-21
32,Smith and Sons,loliviev@google.it,Sonair,Putnam Lockton,plockton1a@is.gd,Completed,2023-03-27,106666,Team Lead,Medium,Database connection timeout,2025-09-30
33,Aufderhar-Feest,amaccartneyw@behance.net,Job,Laurent Elverston,lelverstonz@deviantart.com,On Hold,2025-05-20,391801,Manager,Low,Unauthorized access attempt,2025-10-25
34,"Smitham, Kuvalis and Kuvalis",mmacgruerx@ameblo.jp,Konklux,Jinny Sellors,jsellorsy@yahoo.co.jp,Completed,2025-09-12,12280,Admin,Low,Database connection timeout,2025-08-21
35,Zboncak-Kertzmann,cmeliay@biblegateway.com,Flowdesk,Mannie O'Suaird,mosuairdl@cisco.com,Completed,2023-11-20,68404,Manager,Low,Unauthorized access attempt,2025-09-02
36,Cremin-Corwin,gpagenz@biblegateway.com,Stronghold,Micaela Ricci,mricci7@redcross.org,On Hold,2025-06-26,218876,Engineer,Low,Server crash event,2025-08-16
37,"Schmeler, Johns and Bauch",rsayburn10@etsy.com,Cardify,Tomkin Langtree,tlangtree12@google.cn,Active,2023-03-30,129012,Team Lead,Medium,Login failure due to timeout,2025-09-15
38,Witting LLC,tmacelholm11@ucla.edu,Bigtax,Micaela Ricci,mricci7@redcross.org,On Hold,2024-10-25,283233,Team Lead,High,Data sync mismatch,2025-10-29
39,Monahan Group,kfronks12@about.com,Bitwolf,Putnam Lockton,plockton1a@is.gd,Completed,2024-07-02,108855,Team Lead,High,Database connection timeout,2025-09-14
40,Boyle-McGlynn,jwalliker13@businesswire.com,Vagram,Mannie O'Suaird,mosuairdl@cisco.com,Completed,2025-04-03,280707,Engineer,Medium,Login failure due to timeout,2025-07-09
41,"Swift, Goodwin and Harvey",apharro14@i2i.jp,Prodder,Laureen Fumagallo,lfumagallo11@cdc.gov,Planning,2023-01-11,124160,Team Lead,Low,Login failure due to timeout,2025-08-15
42,Cormier LLC,akelberman15@umich.edu,Flexidy,Wake Norgan,wnorganb@merriam-webster.com,Completed,2024-12-15,173901,Engineer,Low,Data sync mismatch,2025-10-22
43,Wintheiser LLC,fheynen16@dell.com,Viva,Elka Foresight,eforesight13@theglobeandmail.com,On Hold,2024-12-02,167153,Engineer,Medium,SSL certificate renewal pending,2025-09-09
44,Durgan LLC,tdunsmore17@state.tx.us,Job,Chip Alenshev,calenshev18@printfriendly.com,Completed,2025-03-22,453057,Engineer,Medium,Database connection timeout,2025-10-17
45,"Cummerata, Rogahn and Murazik",cfreiberg18@sciencedirect.com,Matsoft,Roderich Souttar,rsouttara@omniture.com,On Hold,2023-12-30,123578,Engineer,Low,API latency detected,2025-08-19
46,Marks-Lesch,tnarramor19@reverbnation.com,Solarbreeze,Kala D'Acth,kdacth1c@youtu.be,Planning,2025-07-15,336936,Team Lead,High,Database connection timeout,2025-07-14
47,Mertz Group,tboldry1a@stumbleupon.com,Kanlam,Tomkin Langtree,tlangtree12@google.cn,Completed,2023-05-26,389805,Admin,Medium,Data sync mismatch,2025-09-09
48,"Mann, Bruen and Ortiz",dmcgaughey1b@prweb.com,Cookley,Mannie O'Suaird,mosuairdl@cisco.com,On Hold,2025-09-21,275653,Engineer,Medium,Data sync mismatch,2025-08-03
49,"VonRueden, Williamson and Smith",rdawidman1c@hubpages.com,Zamit,Roderich Souttar,rsouttara@omniture.com,Completed,2025-03-10,348059,Manager,Medium,Data sync mismatch,2025-08-08
50,"Hintz, Denesik and Stokes",shorsley1d@hostgator.com,Konklab,Rosemary Hassan,rhassanf@infoseek.co.jp,Completed,2023-12-27,494473,Manager,High,Unauthorized access attempt,2025-08-01
51,Breitenberg-Reinger,ctracey1e@live.com,Vagram,Rosemary Hassan,rhassanf@infoseek.co.jp,Completed,2025-11-16,439664,Admin,Low,Login failure due to timeout,2025-09-04
52,Ward Group,gadamowicz1f@virginia.edu,Zathin,Domini McGowan,dmcgowan9@mayoclinic.com,Planning,2025-01-25,67584,Admin,High,Firewall configuration mismatch,2025-10-14
53,Bayer LLC,bdrayton1g@xinhuanet.com,Alpha,Nicolis Prahl,nprahl5@ezinearticles.com,Completed,2023-08-29,415306,Team Lead,Medium,Login failure due to timeout,2025-10-27
54,"Gorczany, DuBuque and White",vpalatino1h@usgs.gov,Overhold,Sheffield Blockwell,sblockwell14@aol.com,Completed,2024-04-18,147412,Team Lead,Low,Login failure due to timeout,2025-09-07
55,Kunze-Connelly,itreadaway1i@cnet.com,Zaam-Dox,Micaela Ricci,mricci7@redcross.org,Completed,2023-09-15,247069,Team Lead,Medium,API latency detected,2025-10-30
56,Beier and Sons,aemor1j@npr.org,Ventosanzap,Sherman McHardy,smchardyt@nba.com,On Hold,2024-10-14,137844,Team Lead,Low,API latency detected,2025-07-22
57,Hane and Sons,tivimy1k@cisco.com,Asoka,Rosemary Hassan,rhassanf@infoseek.co.jp,Completed,2025-02-24,339969,Engineer,Medium,Login failure due to timeout,2025-09-27
58,"Pfannerstill, Rath and Toy",mhefferon1l@jiathis.com,Lotstring,Sheffield Blockwell,sblockwell14@aol.com,Completed,2023-09-07,384918,Engineer,Low,Login failure due to timeout,2025-09-23
59,"Berge, Will and Dickinson",oalexandersson1m@irs.gov,Tresom,Sheffield Blockwell,sblockwell14@aol.com,Active,2023-04-16,330612,Manager,Low,Server crash event,2025-08-05
60,Reilly LLC,lcuseck1n@eepurl.com,Matsoft,Gayla Lilbourne,glilbourne15@paginegialle.it,Completed,2024-08-11,306785,Team Lead,Low,Database connection timeout,2025-08-22
61,"Emard, Stanton and Friesen",bpleager1o@cpanel.net,Cookley,Elka Foresight,eforesight13@theglobeandmail.com,Completed,2023-02-27,296906,Team Lead,Low,SSL certificate renewal pending,2025-09-05
62,Lang and Sons,bboshere1p@nasa.gov,Tresom,Flo Hume,fhumek@blogtalkradio.com,On Hold,2023-09-15,24835,Manager,Low,Data sync mismatch,2025-10-13
63,Lind LLC,etowll1q@cnbc.com,Tempsoft,Zora Lynock,zlynockv@mozilla.org,Planning,2025-01-31,137558,Engineer,Low,SSL certificate renewal pending,2025-08-09
64,Nienow-West,jruse1r@japanpost.jp,Ventosanzap,Bill Harkins,bharkins1d@nps.gov,On Hold,2024-12-31,256071,Engineer,Low,API latency detected,2025-08-24
65,Hickle-Parker,gstanning1s@vimeo.com,Keylex,Chip Alenshev,calenshev18@printfriendly.com,Active,2023-01-18,465717,Engineer,Low,SSL certificate renewal pending,2025-08-31
66,Schuster and Sons,bmion1t@ustream.tv,Job,Ermentrude Davys,edavyso@blogtalkradio.com,Active,2023-02-25,483401,Engineer,Medium,API latency detected,2025-09-28
67,"Bogisich, Hartmann and D'Amore",fkarlicek1u@cbslocal.com,Matsoft,Flo Hume,fhumek@blogtalkradio.com,Completed,2023-01-28,292047,Manager,Medium,API latency detected,2025-10-12
68,"Stanton, Ward and McGlynn",jeliot1v@skyrock.com,Domainer,Piotr Zisneros,pzisneros10@clickbank.net,Completed,2025-04-24,323909,Manager,Low,Login failure due to timeout,2025-10-16
69,Dickinson LLC,mweatherhogg1w@qq.com,Sub-Ex,Sherman McHardy,smchardyt@nba.com,Active,2023-06-24,290145,Engineer,Medium,Firewall configuration mismatch,2025-07-27
70,"Hahn, Jaskolski and Schulist",jcorradino1x@mtv.com,Sonair,Mannie O'Suaird,mosuairdl@cisco.com,Active,2023-09-11,465213,Engineer,Low,API latency detected,2025-09-08
71,"Barrows, Mohr and Gulgowski",dchastagnier1y@symantec.com,Solarbreeze,Zora Lynock,zlynockv@mozilla.org,Planning,2023-10-15,365313,Team Lead,Medium,Database connection timeout,2025-10-09
72,Nicolas-Williamson,chissie1z@nih.gov,Tampflex,Zora Lynock,zlynockv@mozilla.org,Active,2023-06-05,101491,Team Lead,Medium,Data sync mismatch,2025-10-18
73,Wolf-McLaughlin,tmaccomiskey20@nhs.uk,Zamit,Bill Harkins,bharkins1d@nps.gov,Planning,2023-02-11,166173,Engineer,Low,Login failure due to timeout,2025-10-29
74,Steuber-Williamson,khamblin21@amazon.co.uk,Zaam-Dox,Piotr Zisneros,pzisneros10@clickbank.net,Planning,2023-05-17,112200,Engineer,Medium,Login failure due to timeout,2025-08-29
75,Towne-Green,bleggs22@shinystat.com,Tin,Roderich Souttar,rsouttara@omniture.com,On Hold,2023-10-11,174202,Engineer,Low,Database connection timeout,2025-08-30
76,"Haley, Littel and Johnson",dworlidge23@yandex.ru,Biodex,Micaela Ricci,mricci7@redcross.org,Planning,2025-04-13,19115,Manager,Low,Data sync mismatch,2025-08-31
77,Koch LLC,edennistoun24@princeton.edu,Sub-Ex,Flo Hume,fhumek@blogtalkradio.com,Active,2023-09-19,245944,Admin,Medium,API latency detected,2025-08-08
78,"Thiel, Halvorson and Wilderman",hmurney25@imageshack.us,Quo Lux,Domini McGowan,dmcgowan9@mayoclinic.com,Planning,2023-07-16,415338,Team Lead,Low,Login failure due to timeout,2025-08-10
79,Nolan LLC,friggoll26@nymag.com,Tresom,Felisha Hawkett,fhawketth@fc2.com,Completed,2024-12-25,490364,Team Lead,Low,SSL certificate renewal pending,2025-07-29
80,Stamm Group,ddugdale27@answers.com,Cardguard,Nicolle Hully,nhullyr@about.me,Completed,2023-09-01,452562,Manager,Low,SSL certificate renewal pending,2025-10-05
81,Rogahn LLC,ckealey28@spiegel.de,Wrapsafe,Domini McGowan,dmcgowan9@mayoclinic.com,Active,2023-10-26,116771,Engineer,Medium,Login failure due to timeout,2025-09-12
82,"Schamberger, Crist and Becker",jmadle29@army.mil,Fix San,Mannie O'Suaird,mosuairdl@cisco.com,Completed,2024-10-24,350393,Engineer,Medium,Database connection timeout,2025-08-28
83,"Schmidt, Feeney and Mayert",tbeckey2a@tinypic.com,Fix San,Micaela Ricci,mricci7@redcross.org,Completed,2025-09-10,368689,Admin,Low,API latency detected,2025-09-26
84,"Gleason, MacGyver and Abbott",asweeten2b@cpanel.net,Ventosanzap,Jinny Sellors,jsellorsy@yahoo.co.jp,Active,2025-05-09,216642,Team Lead,Medium,Data sync mismatch,2025-07-14
85,Wyman-Treutel,adietz2c@webs.com,Tin,Dani Filipov,dfilipov8@cnn.com,Planning,2025-07-24,38645,Manager,High,Login failure due to timeout,2025-09-25
86,"Kovacek, Ziemann and Bogisich",hayars2d@buzzfeed.com,Fintone,Dani Filipov,dfilipov8@cnn.com,Planning,2023-11-11,367971,Admin,Low,Firewall configuration mismatch,2025-10-05
87,Lynch and Sons,bvel2e@shinystat.com,Zathin,Sheffield Blockwell,sblockwell14@aol.com,Completed,2023-05-28,55302,Engineer,Medium,Server crash event,2025-09-15
88,Lind-Cummerata,akrysztofiak2f@merriam-webster.com,Ronstring,Micaela Ricci,mricci7@redcross.org,Completed,2024-12-19,170175,Team Lead,Low,Database connection timeout,2025-09-25
89,Abbott Group,tlloydwilliams2g@geocities.jp,Tresom,Dani Filipov,dfilipov8@cnn.com,Completed,2023-11-06,104701,Manager,Medium,Unauthorized access attempt,2025-07-31
90,Dibbert and Sons,kpurchall2h@redcross.org,Toughjoyfax,Cordy Jellicorse,cjellicorsen@china.com.cn,Completed,2023-07-09,453007,Manager,Low,Firewall configuration mismatch,2025-08-07
91,Gutmann and Sons,ckerswell2i@cmu.edu,Hatity,Putnam Lockton,plockton1a@is.gd,Active,2025-10-07,267436,Manager,High,Firewall configuration mismatch,2025-07-20
92,"Bahringer, Purdy and McLaughlin",bdietz2j@utexas.edu,Otcom,Cordy Jellicorse,cjellicorsen@china.com.cn,Active,2024-02-16,390847,Admin,High,Firewall configuration mismatch,2025-07-11
93,"Kris, Kuhn and Daugherty",pwhisker2k@scribd.com,Stim,Tessi MacAlaster,tmacalaster16@etsy.com,On Hold,2025-01-18,191640,Admin,Low,Unauthorized access attempt,2025-07-08
94,McKenzie-Pagac,scanby2l@icq.com,Ventosanzap,Zora Lynock,zlynockv@mozilla.org,Completed,2024-03-20,397914,Team Lead,Medium,SSL certificate renewal pending,2025-10-12
95,"Zemlak, Bins and Will",vsowrey2m@geocities.jp,Daltfresh,Zora Lynock,zlynockv@mozilla.org,Planning,2023-03-07,34054,Manager,Low,Data sync mismatch,2025-10-07
96,"Koepp, Beer and Berge",hkellard2n@hugedomains.com,Ronstring,Francois Bilsland,fbilsland6@blogspot.com,Active,2023-10-31,300723,Engineer,Medium,Database connection timeout,2025-10-07
97,Spinka-Reinger,cpenvarden2o@netscape.com,Zamit,Nicolis Prahl,nprahl5@ezinearticles.com,Planning,2024-08-27,386988,Engineer,Medium,Unauthorized access attempt,2025-10-21
98,Kassulke-Dietrich,nlafferty2p@exblog.jp,Subin,Daven Nestoruk,dnestorukp@histats.com,On Hold,2024-06-01,270355,Engineer,Low,Firewall configuration mismatch,2025-10-11
99,Mayer and Sons,bjosofovitz2q@deliciousdays.com,Cardify,Maritsa Klement,mklement19@squidoo.com,Active,2025-06-29,269259,Admin,Low,Server crash event,2025-09-21
100,Sporer-Mayer,hbottrell2r@hubpages.com,Treeflex,Rosemary Hassan,rhassanf@infoseek.co.jp,Completed,2024-03-21,141903,Engineer,Low,API latency detected,2025-09-28
101,Wisozk Group,wcorbridge2s@yolasite.com,Domainer,Micaela Ricci,mricci7@redcross.org,Active,2023-06-24,220117,Team Lead,Medium,Server crash event,2025-09-05
102,Schmitt Group,mkiely2t@pen.io,Aerified,Valentine Perin,vperinc@tamu.edu,On Hold,2023-10-19,328791,Engineer,Medium,API latency detected,2025-10-01
103,"Thompson, Schultz and Raynor",ibradly2u@wunderground.com,Asoka,Salvador Zahor,szahorm@ow.ly,Completed,2025-01-28,437043,Engineer,Low,Firewall configuration mismatch,2025-10-08
104,Vandervort LLC,vshovlar2v@facebook.com,Kanlam,Jacquie Feldbrin,jfeldbrini@1688.com,Active,2024-12-31,229557,Engineer,Low,Login failure due to timeout,2025-10-24
105,"Hintz, Langworth and Wolff",elambourn2w@wufoo.com,Lotstring,Ermentrude Davys,edavyso@blogtalkradio.com,Completed,2025-10-20,92591,Admin,Low,Database connection timeout,2025-09-16
106,"Abshire, Nikolaus and Pagac",ameaker2x@dyndns.org,Stringtough,Domini McGowan,dmcgowan9@mayoclinic.com,On Hold,2023-05-25,231483,Engineer,Low,Firewall configuration mismatch,2025-07-21
107,Nolan-Predovic,cheistermann2y@pinterest.com,Trippledex,Gweneth O'Dougherty,godougherty0@themeforest.net,Planning,2023-12-27,12743,Team Lead,Low,Firewall configuration mismatch,2025-08-27
108,"Wiegand, Stanton and Nitzsche",hdixcee2z@soundcloud.com,Aerified,Gaspar Pessler,gpessler17@nhs.uk,Completed,2023-01-16,190572,Engineer,Medium,API latency detected,2025-08-16
109,"Spencer, Predovic and Rice",lorknay30@ebay.co.uk,Alphazap,Kimble Ayers,kayers4@nytimes.com,Active,2025-04-02,28392,Engineer,Low,SSL certificate renewal pending,2025-08-24
110,Little and Sons,ahalwell31@about.com,Andalax,Wake Norgan,wnorganb@merriam-webster.com,On Hold,2024-02-28,95536,Manager,Low,Server crash event,2025-07-17
111,Mosciski LLC,adurnian32@miitbeian.gov.cn,Domainer,Micaela Ricci,mricci7@redcross.org,On Hold,2024-09-18,468939,Manager,Medium,SSL certificate renewal pending,2025-10-22
112,Friesen and Sons,clindemann33@examiner.com,Treeflex,Tomkin Langtree,tlangtree12@google.cn,On Hold,2024-06-01,384777,Manager,High,Database connection timeout,2025-09-13
113,Koelpin Group,gohartagan34@cocolog-nifty.com,Tin,Tomkin Langtree,tlangtree12@google.cn,Planning,2023-06-13,418112,Engineer,High,Database connection timeout,2025-07-09
114,"Armstrong, Schaefer and Schuster",ssamwyse35@so-net.ne.jp,Cookley,Leopold Milkin,lmilkin1b@ehow.com,Planning,2025-02-25,201944,Manager,Low,Database connection timeout,2025-09-15
115,Hudson-Cronin,dcollinge36@springer.com,Y-find,Piotr Zisneros,pzisneros10@clickbank.net,On Hold,2025-11-24,468047,Manager,High,Data sync mismatch,2025-10-29
116,"Macejkovic, Mosciski and Kuphal",lhoff37@thetimes.co.uk,Latlux,Cleo Frede,cfredeu@cdc.gov,On Hold,2025-08-06,315432,Engineer,Medium,Unauthorized access attempt,2025-09-13
117,Frami-Cronin,creinbach38@weebly.com,Overhold,Tobias Jorge,tjorged@dyndns.org,Planning,2023-12-01,243554,Team Lead,Low,Firewall configuration mismatch,2025-08-28
118,McGlynn and Sons,hghiriardelli39@google.it,Cookley,Gaspar Pessler,gpessler17@nhs.uk,On Hold,2025-07-01,279841,Admin,Medium,SSL certificate renewal pending,2025-09-26
119,Cummings-Stokes,rscud3a@utexas.edu,Ventosanzap,Nicolis Prahl,nprahl5@ezinearticles.com,Active,2023-09-21,114314,Team Lead,Low,Login failure due to timeout,2025-07-28
120,Keeling-Renner,cmuldowney3b@google.co.jp,Aerified,Gayla Lilbourne,glilbourne15@paginegialle.it,Active,2024-12-24,303121,Team Lead,Low,Firewall configuration mismatch,2025-08-18
121,Klein and Sons,mlamburne3c@php.net,Andalax,Gweneth O'Dougherty,godougherty0@themeforest.net,Planning,2025-07-11,71008,Team Lead,Medium,Database connection timeout,2025-08-10
122,Windler LLC,ubullion3d@people.com.cn,Home Ing,Chip Alenshev,calenshev18@printfriendly.com,Completed,2025-04-21,21064,Manager,Low,Database connection timeout,2025-07-27
123,Considine-Renner,ldolohunty3e@seattletimes.com,Hatity,Gayla Lilbourne,glilbourne15@paginegialle.it,Completed,2023-09-06,297495,Engineer,Low,Server crash event,2025-07-12
124,Marks and Sons,dpauling3f@imgur.com,Asoka,Cleo Frede,cfredeu@cdc.gov,Active,2024-06-19,292021,Team Lead,Low,Unauthorized access attempt,2025-10-08
125,VonRueden-Lowe,wgreenalf3g@de.vu,Viva,Felisha Hawkett,fhawketth@fc2.com,On Hold,2025-07-03,88933,Team Lead,Low,Unauthorized access attempt,2025-07-25
126,Schneider-Murray,cdewsnap3h@tumblr.com,Span,Kala D'Acth,kdacth1c@youtu.be,Completed,2024-02-18,165063,Engineer,Low,Database connection timeout,2025-07-28
127,"Jacobs, Doyle and Cummerata",carniz3i@timesonline.co.uk,Fixflex,Roderich Souttar,rsouttara@omniture.com,Active,2023-11-02,379625,Manager,Low,SSL certificate renewal pending,2025-08-10
128,"Frami, Heaney and Watsica",jeltone3j@purevolume.com,Cookley,Laureen Fumagallo,lfumagallo11@cdc.gov,Completed,2023-08-31,393587,Engineer,High,Server crash event,2025-07-25
129,Bashirian LLC,tchoppen3k@cbslocal.com,Stim,Nicolis Prahl,nprahl5@ezinearticles.com,Active,2025-12-25,281566,Engineer,Medium,Data sync mismatch,2025-08-10
130,Hilll LLC,bbleything3l@google.es,Otcom,Valentine Perin,vperinc@tamu.edu,Planning,2025-02-11,182250,Team Lead,Low,Firewall configuration mismatch,2025-09-08
131,Haag-Altenwerth,pkunisch3m@addthis.com,Y-find,Gayla Lilbourne,glilbourne15@paginegialle.it,Active,2023-04-01,224043,Manager,Low,Server crash event,2025-08-30
132,Stoltenberg and Sons,bbiffin3n@techcrunch.com,Sonsing,Rosemary Hassan,rhassanf@infoseek.co.jp,Active,2023-03-13,237706,Manager,Medium,SSL certificate renewal pending,2025-09-09
133,Daugherty-Berge,wmacmenamy3o@nyu.edu,Alpha,Kitty Callum,kcallum3@netscape.com,On Hold,2025-06-23,70542,Engineer,Low,API latency detected,2025-07-14
134,"Hahn, Crooks and Renner",mwiggins3p@nba.com,Namfix,Kala D'Acth,kdacth1c@youtu.be,Planning,2024-08-06,201386,Team Lead,Low,Unauthorized access attempt,2025-09-22
135,Dare-Kulas,dogilby3q@netvibes.com,Greenlam,Briana Aneley,baneley1@globo.com,Active,2025-08-10,366977,Admin,Medium,Firewall configuration mismatch,2025-07-29
136,Bergnaum LLC,againsborough3r@google.nl,Bamity,Tomkin Langtree,tlangtree12@google.cn,Planning,2023-02-11,306126,Engineer,Low,Unauthorized access attempt,2025-09-06
137,Balistreri-Wisozk,bfidell3s@sitemeter.com,Konklux,Cleo Frede,cfredeu@cdc.gov,Completed,2025-03-01,72262,Engineer,High,SSL certificate renewal pending,2025-08-01
138,Leuschke Inc,mredmond3t@cam.ac.uk,Home Ing,Bill Harkins,bharkins1d@nps.gov,Planning,2024-05-27,58422,Admin,Low,Server crash event,2025-08-07
139,"Yundt, Toy and Hackett",mwinterbottom3u@canalblog.com,Namfix,Mycah Mussen,mmussenw@a8.net,Completed,2025-03-22,182307,Engineer,Medium,API latency detected,2025-09-28
140,Stroman Group,jbuckner3v@macromedia.com,Fixflex,Roderich Souttar,rsouttara@omniture.com,Completed,2024-01-30,96859,Team Lead,Medium,Unauthorized access attempt,2025-09-07
141,"Keebler, Bode and Bauch",mbains3w@accuweather.com,Trippledex,Tobias Jorge,tjorged@dyndns.org,Planning,2023-09-14,328923,Admin,Low,Login failure due to timeout,2025-08-20
142,Lubowitz Group,ekunz3x@addtoany.com,Treeflex,Tomkin Langtree,tlangtree12@google.cn,Completed,2024-10-02,372356,Manager,Medium,Unauthorized access attempt,2025-08-29
143,Quigley-Gulgowski,vberka3y@microsoft.com,Lotlux,Felisha Hawkett,fhawketth@fc2.com,Active,2023-11-15,498996,Team Lead,Low,Database connection timeout,2025-07-25
144,Reichel Group,ogivens3z@baidu.com,Vagram,Angelle Abramzon,aabramzonx@youtube.com,Completed,2023-12-14,352612,Engineer,Low,Server crash event,2025-08-14
145,"Mills, Ritchie and Lubowitz",zlivezey40@gizmodo.com,Lotlux,Zora Lynock,zlynockv@mozilla.org,Planning,2024-04-14,40573,Manager,Low,SSL certificate renewal pending,2025-10-02
146,"Lakin, Stroman and Renner",linderwick41@behance.net,Keylex,Piotr Zisneros,pzisneros10@clickbank.net,Planning,2023-07-31,286382,Team Lead,Low,SSL certificate renewal pending,2025-07-28
147,"Hamill, Maggio and Klein",cgullefant42@umn.edu,Opela,Nicolle Hully,nhullyr@about.me,Planning,2024-03-29,117140,Engineer,Low,Unauthorized access attempt,2025-10-21
148,Donnelly-Bins,dcarbine43@qq.com,Latlux,Elka Foresight,eforesight13@theglobeandmail.com,Completed,2024-02-23,438624,Manager,Medium,API latency detected,2025-09-29
149,Casper-Schultz,dleahair44@google.com,Tempsoft,Tomkin Langtree,tlangtree12@google.cn,Active,2023-01-08,284632,Engineer,Low,API latency detected,2025-09-24
150,Feest-Thiel,fwitterick45@github.io,Opela,Ermentrude Davys,edavyso@blogtalkradio.com,Active,2024-10-11,477804,Engineer,Low,API latency detected,2025-09-18
151,Lakin-Hyatt,aphilpots46@economist.com,Zathin,Kimble Ayers,kayers4@nytimes.com,Completed,2025-08-18,423060,Engineer,Low,Database connection timeout,2025-09-06
152,"Dare, Marks and Kerluke",gmuscott47@sphinn.com,Hatity,Leopold Milkin,lmilkin1b@ehow.com,Planning,2024-12-12,454176,Engineer,Low,SSL certificate renewal pending,2025-08-14
153,Barrows-Zboncak,tkarlsen48@pbs.org,Viva,Valentine Perin,vperinc@tamu.edu,Completed,2023-06-26,409172,Team Lead,Medium,Database connection timeout,2025-08-22
154,Dicki-Anderson,rmulheron49@ustream.tv,Y-find,Sheffield Blockwell,sblockwell14@aol.com,On Hold,2023-07-09,119204,Manager,Medium,Unauthorized access attempt,2025-07-10
155,Lakin-Greenfelder,ahagland4a@japanpost.jp,Ronstring,Kimble Ayers,kayers4@nytimes.com,On Hold,2023-03-12,375209,Engineer,Medium,Data sync mismatch,2025-10-17
156,"Tremblay, Roob and Kessler",pflippini4b@joomla.org,Holdlamis,Rosemary Hassan,rhassanf@infoseek.co.jp,Completed,2025-04-13,13699,Admin,Low,Data sync mismatch,2025-07-29
157,"Pfannerstill, Kling and Abbott",dcloke4c@imgur.com,Latlux,Putnam Lockton,plockton1a@is.gd,Planning,2024-01-10,321616,Engineer,Low,SSL certificate renewal pending,2025-10-29
158,"Schmitt, Adams and Kiehn",klowres4d@skyrock.com,Solarbreeze,Piotr Zisneros,pzisneros10@clickbank.net,Active,2025-04-17,152236,Engineer,Low,Data sync mismatch,2025-08-31
159,Farrell-Kovacek,ltryme4e@creativecommons.org,Job,Bill Harkins,bharkins1d@nps.gov,Active,2023-07-20,491313,Engineer,Medium,Login failure due to timeout,2025-07-13
160,Labadie-Jenkins,cflacknell4f@soup.io,Tres-Zap,Tito Snowden,tsnowdenj@booking.com,On Hold,2024-07-06,383615,Engineer,High,Data sync mismatch,2025-08-06
161,Schimmel LLC,kgovett4g@oracle.com,Transcof,Nicolle Hully,nhullyr@about.me,Active,2025-04-01,436941,Engineer,Low,Server crash event,2025-09-07
162,"Bode, Rau and Lindgren",agraddon4h@mayoclinic.com,Bytecard,Nicolis Prahl,nprahl5@ezinearticles.com,On Hold,2025-02-23,166633,Engineer,Low,Unauthorized access attempt,2025-08-25
163,Conroy-Corwin,nhaughan4i@slate.com,Greenlam,Francois Bilsland,fbilsland6@blogspot.com,Planning,2023-08-03,266436,Manager,Low,API latency detected,2025-10-19
164,"Cartwright, Paucek and Beatty",lchesney4j@homestead.com,Fix San,Dani Filipov,dfilipov8@cnn.com,Planning,2025-03-18,15458,Manager,Medium,Unauthorized access attempt,2025-08-05
165,"Wehner, Cummings and Huels",rdavidovits4k@howstuffworks.com,Regrant,Roderich Souttar,rsouttara@omniture.com,On Hold,2025-07-27,188148,Manager,Low,Data sync mismatch,2025-07-23
166,"Lehner, Beahan and Lebsack",qfozzard4l@dyndns.org,Y-Solowarm,Briana Aneley,baneley1@globo.com,Planning,2025-03-29,66077,Engineer,Low,SSL certificate renewal pending,2025-09-08
167,"Simonis, Franecki and Thiel",lmatessian4m@360.cn,Fixflex,Sheffield Blockwell,sblockwell14@aol.com,On Hold,2025-10-20,110664,Manager,Medium,Data sync mismatch,2025-07-18
168,O'Keefe-Leannon,kneighbour4n@bandcamp.com,Lotstring,Nicolle Hully,nhullyr@about.me,Active,2023-01-24,52335,Admin,High,API latency detected,2025-09-20
169,"Wehner, Harber and Christiansen",obeards4o@twitpic.com,Flowdesk,Laureen Fumagallo,lfumagallo11@cdc.gov,Planning,2025-11-22,251019,Engineer,Low,SSL certificate renewal pending,2025-10-29
170,Runolfsdottir Group,dwogdon4p@pbs.org,Toughjoyfax,Domini McGowan,dmcgowan9@mayoclinic.com,Completed,2025-01-24,285013,Team Lead,High,Unauthorized access attempt,2025-10-21
171,Jerde LLC,aprati4q@msn.com,Treeflex,Nicolle Hully,nhullyr@about.me,Planning,2024-12-05,177693,Engineer,Low,Data sync mismatch,2025-10-08
172,"Tillman, Greenholt and Larson",thandford4r@reverbnation.com,Stronghold,Wini Simkovitz,wsimkovitzq@360.cn,On Hold,2025-01-07,28436,Engineer,Low,Login failure due to timeout,2025-07-06
173,Labadie-Schaefer,wballay4s@cdbaby.com,It,Elka Foresight,eforesight13@theglobeandmail.com,Planning,2023-09-27,26507,Engineer,Low,SSL certificate renewal pending,2025-09-21
174,"Rath, Franecki and Hagenes",tflatte4t@angelfire.com,Job,Sheffield Blockwell,sblockwell14@aol.com,On Hold,2025-06-03,125120,Team Lead,Medium,Login failure due to timeout,2025-08-25
175,"Bergnaum, Abernathy and Bailey",ldodgshun4u@admin.ch,Asoka,Tobias Jorge,tjorged@dyndns.org,Planning,2024-04-21,207025,Admin,Low,Unauthorized access attempt,2025-10-10
176,"Stroman, Erdman and Koelpin",hbockin4v@npr.org,Mat Lam Tam,Gaspar Pessler,gpessler17@nhs.uk,Planning,2023-01-18,40145,Team Lead,Low,API latency detected,2025-07-17
177,"Lemke, Nolan and Stoltenberg",rleprevost4w@4shared.com,Opela,Zora Lynock,zlynockv@mozilla.org,On Hold,2024-01-22,102395,Engineer,Medium,Server crash event,2025-07-13
178,"Beatty, Heller and Weissnat",ssawnwy4x@go.com,Cookley,Kimble Ayers,kayers4@nytimes.com,Completed,2025-04-05,23791,Manager,Medium,Server crash event,2025-10-06
179,Jacobson LLC,bpecey4y@dmoz.org,Alpha,Piotr Zisneros,pzisneros10@clickbank.net,Completed,2023-03-15,300769,Manager,Medium,Database connection timeout,2025-09-23
180,Stroman-Jones,daddicote4z@who.int,Asoka,Tobias Jorge,tjorged@dyndns.org,Active,2025-10-04,316187,Engineer,Low,Login failure due to timeout,2025-10-02
181,"Johnston, Spencer and Kub",plies50@pen.io,Span,Maritsa Klement,mklement19@squidoo.com,Completed,2024-04-27,327416,Team Lead,Medium,Data sync mismatch,2025-08-21
182,Donnelly-Schowalter,jgaven51@networkadvertising.org,Namfix,Wini Simkovitz,wsimkovitzq@360.cn,Active,2024-04-24,126209,Admin,Low,API latency detected,2025-09-23
183,Schmeler-Doyle,etourner52@example.com,Keylex,Piotr Zisneros,pzisneros10@clickbank.net,Planning,2024-06-25,145015,Team Lead,Medium,Login failure due to timeout,2025-08-09
184,Breitenberg Group,freddell53@cpanel.net,Sub-Ex,Angelle Abramzon,aabramzonx@youtube.com,Completed,2023-12-19,471055,Engineer,Low,Firewall configuration mismatch,2025-08-17
185,Zulauf and Sons,cshoebridge54@nymag.com,Fintone,Bill Harkins,bharkins1d@nps.gov,Planning,2024-05-23,96862,Admin,Low,Login failure due to timeout,2025-09-16
186,"Lynch, Ward and Maggio",mmcdermid55@bbc.co.uk,Bitwolf,Kitty Callum,kcallum3@netscape.com,On Hold,2023-12-25,23590,Engineer,Medium,SSL certificate renewal pending,2025-09-04
187,D'Amore-Weimann,chartless56@archive.org,Tres-Zap,Jinny Sellors,jsellorsy@yahoo.co.jp,Active,2024-11-26,155301,Engineer,Low,Firewall configuration mismatch,2025-10-14
188,"Luettgen, Haley and Christiansen",askaid57@netlog.com,Y-find,Tito Snowden,tsnowdenj@booking.com,Completed,2024-07-30,265866,Team Lead,Low,Server crash event,2025-10-08
189,Metz-Rolfson,bdoubleday58@oaic.gov.au,Stim,Cleo Frede,cfredeu@cdc.gov,Completed,2024-02-25,423271,Manager,High,Unauthorized access attempt,2025-10-11
190,White Inc,dpetric59@diigo.com,Trippledex,Maritsa Klement,mklement19@squidoo.com,On Hold,2024-10-16,334049,Engineer,Low,Server crash event,2025-08-11
191,Becker-Fisher,twyd5a@mashable.com,Aerified,Wini Simkovitz,wsimkovitzq@360.cn,Completed,2024-05-25,199981,Team Lead,High,Firewall configuration mismatch,2025-07-06
192,Mosciski-Muller,dblaschke5b@flavors.me,Rank,Laurent Elverston,lelverstonz@deviantart.com,On Hold,2023-10-22,237346,Team Lead,Low,SSL certificate renewal pending,2025-09-30
193,Gorczany-Zieme,akyle5c@seattletimes.com,Sonair,Leopold Milkin,lmilkin1b@ehow.com,Active,2025-07-11,197648,Engineer,Medium,Login failure due to timeout,2025-08-09
194,Rutherford-Quigley,hshewry5d@guardian.co.uk,Ventosanzap,Tessi MacAlaster,tmacalaster16@etsy.com,Planning,2025-08-14,474455,Manager,Medium,SSL certificate renewal pending,2025-07-30
195,Mertz Group,rdedomenicis5e@gmpg.org,Y-find,Kimble Ayers,kayers4@nytimes.com,Completed,2023-11-01,355110,Manager,Low,Firewall configuration mismatch,2025-09-17
196,Emmerich LLC,kcreighton5f@studiopress.com,Job,Mycah Mussen,mmussenw@a8.net,Planning,2024-06-18,398438,Engineer,Low,SSL certificate renewal pending,2025-09-23
197,Sauer Inc,zahlf5g@wired.com,Pannier,Leopold Milkin,lmilkin1b@ehow.com,Completed,2025-11-21,310759,Engineer,Low,Server crash event,2025-09-09
198,Will Group,dbarlie5h@goodreads.com,Aerified,Kitty Callum,kcallum3@netscape.com,Completed,2025-11-04,143577,Team Lead,Medium,API latency detected,2025-09-20
199,Nolan and Sons,ggurdon5i@addthis.com,Daltfresh,Daven Nestoruk,dnestorukp@histats.com,Completed,2025-02-19,324093,Engineer,Low,Firewall configuration mismatch,2025-08-07
200,"Towne, Mueller and Ankunding",lponte5j@pen.io,Redhold,Cleo Frede,cfredeu@cdc.gov,On Hold,2024-12-23,280466,Manager,Medium,API latency detected,2025-10-01
201,Goyette-Morissette,gshirlaw5k@pbs.org,Biodex,Wini Simkovitz,wsimkovitzq@360.cn,Active,2023-03-01,269276,Manager,Medium,Database connection timeout,2025-08-18
202,Turcotte LLC,fdungate5l@cargocollective.com,Namfix,Tobias Jorge,tjorged@dyndns.org,Planning,2025-07-17,202571,Engineer,Low,Login failure due to timeout,2025-10-25
203,Rosenbaum-Stehr,bchrichton5m@arstechnica.com,Flowdesk,Teena Rydings,trydingss@trellian.com,Completed,2024-07-21,108912,Manager,Low,Server crash event,2025-08-18
204,Rath and Sons,mdelamar5n@irs.gov,Zamit,Gayla Lilbourne,glilbourne15@paginegialle.it,Completed,2023-09-23,158291,Manager,Low,Firewall configuration mismatch,2025-07-22
205,Dibbert-Wolf,krippen5o@posterous.com,Konklux,Cleo Frede,cfredeu@cdc.gov,Completed,2024-04-01,36946,Manager,High,SSL certificate renewal pending,2025-07-30
206,Homenick-Heathcote,cseaton5p@live.com,Alphazap,Margareta Wainscoat,mwainscoatg@thetimes.co.uk,Completed,2023-05-30,352396,Engineer,Low,Database connection timeout,2025-08-26
207,"Hessel, Thiel and Emard",ckidston5q@nature.com,Stim,Valentine Perin,vperinc@tamu.edu,Completed,2023-05-04,85675,Manager,Low,SSL certificate renewal pending,2025-08-04
208,Erdman Inc,bcroote5r@example.com,Vagram,Felisha Hawkett,fhawketth@fc2.com,Completed,2025-12-09,215447,Engineer,Low,Data sync mismatch,2025-07-08
209,"Ebert, Gusikowski and DuBuque",spadbury5s@freewebs.com,Daltfresh,Laurent Elverston,lelverstonz@deviantart.com,On Hold,2024-04-30,146901,Engineer,Medium,Unauthorized access attempt,2025-09-26
210,"Kassulke, Bergstrom and Bauch",ckleszinski5t@state.gov,Greenlam,Gweneth O'Dougherty,godougherty0@themeforest.net,Active,2024-08-03,499835,Engineer,Low,Login failure due to timeout,2025-10-10
211,Emard-DuBuque,tmeekin5u@newsvine.com,Viva,Zora Lynock,zlynockv@mozilla.org,Active,2025-07-31,56647,Team Lead,Medium,Login failure due to timeout,2025-08-15
212,Pacocha-Emard,bgotcher5v@xrea.com,Fintone,Tessi MacAlaster,tmacalaster16@etsy.com,Completed,2025-12-22,467458,Engineer,Low,Database connection timeout,2025-08-20
213,"Kuhlman, Huels and Gutmann",mtrahar5w@nps.gov,Konklab,Roderich Souttar,rsouttara@omniture.com,Active,2025-05-02,30282,Admin,Medium,Database connection timeout,2025-09-29
214,O'Kon LLC,jgeraldo5x@e-recht24.de,Zathin,Valentine Perin,vperinc@tamu.edu,Completed,2023-04-15,14453,Team Lead,Low,Unauthorized access attempt,2025-10-04
215,McDermott LLC,woehme5y@dailymail.co.uk,Andalax,Margareta Wainscoat,mwainscoatg@thetimes.co.uk,On Hold,2024-05-09,472451,Team Lead,Low,Firewall configuration mismatch,2025-08-22
216,"Ortiz, Brekke and Daugherty",alawerence5z@microsoft.com,Sonsing,Gaspar Pessler,gpessler17@nhs.uk,Completed,2025-03-21,151058,Manager,Low,API latency detected,2025-08-18
217,Johnston Group,nspanton60@vk.com,Cardify,Cleo Frede,cfredeu@cdc.gov,On Hold,2025-10-02,313124,Engineer,Low,Unauthorized access attempt,2025-09-10
218,"Bradtke, Keebler and Doyle",cmoyles61@rambler.ru,Gembucket,Felisha Hawkett,fhawketth@fc2.com,Completed,2025-04-14,450156,Team Lead,Medium,SSL certificate renewal pending,2025-08-12
219,"Ondricka, Hirthe and Hoppe",mladewig62@wiley.com,Transcof,Nicolis Prahl,nprahl5@ezinearticles.com,Completed,2023-05-31,478890,Manager,Low,Login failure due to timeout,2025-09-21
220,"Hauck, Kozey and Watsica",hstepney63@nature.com,Stim,Jinny Sellors,jsellorsy@yahoo.co.jp,On Hold,2025-02-09,389708,Team Lead,Medium,API latency detected,2025-08-08
221,Kihn-Bergnaum,clenden64@phpbb.com,Overhold,Flo Hume,fhumek@blogtalkradio.com,Active,2023-04-18,167282,Engineer,Medium,SSL certificate renewal pending,2025-08-14
222,Yost Group,tmooreed65@omniture.com,Cardify,Chip Alenshev,calenshev18@printfriendly.com,Completed,2025-08-21,26120,Admin,Low,API latency detected,2025-08-31
223,"Gibson, Stehr and Cremin",amaddigan66@cisco.com,Stronghold,Felisha Hawkett,fhawketth@fc2.com,On Hold,2025-07-14,121314,Manager,Medium,Server crash event,2025-09-13
224,Sanford-Lebsack,obruckman67@weibo.com,Flexidy,Valentine Perin,vperinc@tamu.edu,On Hold,2025-09-15,199373,Manager,Medium,Data sync mismatch,2025-07-18
225,Skiles and Sons,aaughtie68@cpanel.net,Vagram,Tito Snowden,tsnowdenj@booking.com,Active,2024-09-17,175687,Team Lead,Low,Database connection timeout,2025-09-08
226,Wyman-Treutel,kaguirre69@samsung.com,Matsoft,Rosemary Hassan,rhassanf@infoseek.co.jp,Completed,2023-09-13,323110,Engineer,High,Login failure due to timeout,2025-08-30
227,Hauck-Heathcote,mmealing6a@rambler.ru,Tresom,Gayla Lilbourne,glilbourne15@paginegialle.it,Active,2024-06-07,175387,Engineer,Medium,Server crash event,2025-07-20
228,Zulauf-Barton,bshalcras6b@ucla.edu,Stringtough,Sherman McHardy,smchardyt@nba.com,Completed,2025-06-07,343923,Manager,Low,Firewall configuration mismatch,2025-10-03
229,"Reichel, Torp and Gutmann",cpeppard6c@usgs.gov,Konklab,Valentine Perin,vperinc@tamu.edu,Completed,2024-11-25,178010,Team Lead,Medium,Login failure due to timeout,2025-10-23
230,Mueller LLC,pgrayston6d@examiner.com,Rank,Jacquie Feldbrin,jfeldbrini@1688.com,Completed,2023-02-02,138039,Engineer,Medium,SSL certificate renewal pending,2025-09-06
231,Goyette-Streich,cpimblett6e@stumbleupon.com,Biodex,Angelle Abramzon,aabramzonx@youtube.com,Completed,2024-04-24,264754,Engineer,Medium,Data sync mismatch,2025-08-17
232,Heller and Sons,emolden6f@godaddy.com,Zamit,Sherman McHardy,smchardyt@nba.com,On Hold,2024-07-31,445476,Manager,Low,Server crash event,2025-09-24
233,"Beatty, Stroman and Daniel",bsilcocks6g@independent.co.uk,Voltsillam,Kala D'Acth,kdacth1c@youtu.be,Active,2024-01-12,16732,Team Lead,Low,SSL certificate renewal pending,2025-07-13
234,"Kuhic, Pagac and Cremin",bhallowell6h@fastcompany.com,Fintone,Piotr Zisneros,pzisneros10@clickbank.net,On Hold,2024-02-02,474874,Manager,Low,Server crash event,2025-10-07
235,Koch-Halvorson,gfownes6i@scientificamerican.com,Rank,Wini Simkovitz,wsimkovitzq@360.cn,On Hold,2025-07-20,99087,Engineer,Low,Data sync mismatch,2025-08-15
236,"Kautzer, Pouros and Kulas",lespina6j@senate.gov,Voltsillam,Wini Simkovitz,wsimkovitzq@360.cn,Completed,2025-03-12,145109,Engineer,Low,API latency detected,2025-09-26
237,Turcotte-Gusikowski,cquarry6k@creativecommons.org,Temp,Rosemary Hassan,rhassanf@infoseek.co.jp,Active,2023-07-19,202112,Engineer,Low,Firewall configuration mismatch,2025-10-13
238,Romaguera-Lehner,mscorrer6l@state.gov,Temp,Sibella Ladlow,sladlowe@usa.gov,Completed,2023-12-22,434447,Team Lead,Low,Database connection timeout,2025-08-18
239,"Botsford, Champlin and Hilll",bchucks6m@twitter.com,Ronstring,Bill Harkins,bharkins1d@nps.gov,Completed,2024-12-19,145789,Engineer,Low,Unauthorized access attempt,2025-07-18
240,"Graham, McCullough and Dare",lwoodger6n@dmoz.org,Sub-Ex,Roderich Souttar,rsouttara@omniture.com,Active,2024-08-25,473906,Engineer,Low,Server crash event,2025-07-31
241,"Schinner, Abernathy and Friesen",cbeveridge6o@microsoft.com,Flexidy,Dani Filipov,dfilipov8@cnn.com,Active,2023-09-13,20042,Manager,Medium,SSL certificate renewal pending,2025-07-31
242,"Wunsch, Ortiz and Cruickshank",apucknell6p@chron.com,Konklux,Rosemary Hassan,rhassanf@infoseek.co.jp,Planning,2025-04-17,363978,Manager,High,Unauthorized access attempt,2025-07-16
243,"Kulas, O'Keefe and Jenkins",hpenberthy6q@plala.or.jp,Tresom,Jinny Sellors,jsellorsy@yahoo.co.jp,On Hold,2025-05-15,395197,Engineer,Low,Firewall configuration mismatch,2025-08-31
244,"Block, Stroman and Corwin",rgallifont6r@yellowpages.com,Temp,Flo Hume,fhumek@blogtalkradio.com,Planning,2024-06-04,368467,Engineer,Medium,Firewall configuration mismatch,2025-08-12
245,Will Inc,cmelland6s@hhs.gov,Cardify,Jacquie Feldbrin,jfeldbrini@1688.com,Completed,2023-09-15,484178,Team Lead,Low,Server crash event,2025-09-24
246,"Borer, Williamson and Schulist",kcalderon6t@moonfruit.com,Bamity,Sibella Ladlow,sladlowe@usa.gov,Completed,2023-01-21,131395,Manager,Low,Firewall configuration mismatch,2025-09-12
247,"Bernier, Will and Moen",gmaskew6u@usnews.com,Holdlamis,Teena Rydings,trydingss@trellian.com,Active,2025-04-09,248186,Manager,Low,SSL certificate renewal pending,2025-08-01
248,Lockman LLC,ftattersill6v@yolasite.com,Sonsing,Margareta Wainscoat,mwainscoatg@thetimes.co.uk,Active,2024-12-30,284288,Engineer,Low,Unauthorized access attempt,2025-07-25
249,"Anderson, Weimann and Oberbrunner",wmathison6w@time.com,Bamity,Nicolle Hully,nhullyr@about.me,On Hold,2024-06-08,13679,Engineer,Low,Data sync mismatch,2025-09-15
250,"Dietrich, Hintz and Rice",mionesco6x@gmpg.org,Bitwolf,Daven Nestoruk,dnestorukp@histats.com,Completed,2023-12-02,176581,Engineer,Medium,Data sync mismatch,2025-10-11
