User ID,Full Name,Email,Phone Number,Department,Hire Date,Role ID
1,Gweneth O'Dougherty,godougherty0@themeforest.net,(657) 8393996,Cybersecurity,2023-08-30,1
2,Briana Aneley,baneley1@globo.com,(269) 1266140,Support,2021-10-10,4
3,Moore Bickardike,mbickardike2@vinaora.com,(626) 5921629,Cloud Services,2021-09-15,2
4,Kitty Callum,kcallum3@netscape.com,(421) 3440757,Cybersecurity,2019-06-11,5
5,Kimble Ayers,kayers4@nytimes.com,(375) 6914488,Cybersecurity,2023-06-19,4
6,Nicolis Prahl,nprahl5@ezinearticles.com,(199) 1173379,Cloud Services,2021-08-25,4
7,Francois Bilsland,fbilsland6@blogspot.com,(312) 1772504,Development,2020-12-24,2
8,Micaela Ricci,mricci7@redcross.org,(165) 6024846,Development,2020-12-03,1
9,Dani Filipov,dfilipov8@cnn.com,(205) 3923351,Cybersecurity,2021-03-08,3
10,Domini McGowan,dmcgowan9@mayoclinic.com,(171) 8219571,Support,2022-01-06,1
11,Roderich Souttar,rsouttara@omniture.com,(716) 2974837,Cloud Services,2023-04-22,6
12,Wake Norgan,wnorganb@merriam-webster.com,(591) 9619544,Quality Assurance,2022-01-29,2
13,Valentine Perin,vperinc@tamu.edu,(817) 1883835,Cybersecurity,2023-07-01,4
14,Tobias Jorge,tjorged@dyndns.org,(741) 4670711,Cloud Services,2020-09-10,5
15,Sibella Ladlow,sladlowe@usa.gov,(847) 1270626,Cloud Services,2019-07-27,6
16,Rosemary Hassan,rhassanf@infoseek.co.jp,(910) 9182929,Support,2020-03-16,5
17,Margareta Wainscoat,mwainscoatg@thetimes.co.uk,(871) 7448607,Cloud Services,2024-07-06,5
18,Felisha Hawkett,fhawketth@fc2.com,(894) 2574672,Development,2024-03-08,3
19,Jacquie Feldbrin,jfeldbrini@1688.com,(921) 3405341,Development,2019-09-07,2
20,Tito Snowden,tsnowdenj@booking.com,(179) 9580838,HR,2021-09-01,6
21,Flo Hume,fhumek@blogtalkradio.com,(946) 6298781,Cybersecurity,2021-10-08,1
22,Mannie O'Suaird,mosuairdl@cisco.com,(972) 3723787,Cybersecurity,2024-05-30,2
23,Salvador Zahor,szahorm@ow.ly,(282) 2600030,Cybersecurity,2021-11-24,3
24,Cordy Jellicorse,cjellicorsen@china.com.cn,(361) 9299158,HR,2023-02-18,1
25,Ermentrude Davys,edavyso@blogtalkradio.com,(336) 8569690,Cybersecurity,2023-03-02,1
26,Daven Nestoruk,dnestorukp@histats.com,(183) 9564321,Cybersecurity,2024-06-11,5
27,Wini Simkovitz,wsimkovitzq@360.cn,(530) 6835122,Support,2022-12-04,2
28,Nicolle Hully,nhullyr@about.me,(317) 7024062,HR,2020-08-13,4
29,Teena Rydings,trydingss@trellian.com,(698) 4676696,Development,2021-03-09,1
30,Sherman McHardy,smchardyt@nba.com,(342) 3292270,HR,2023-06-05,2
31,Cleo Frede,cfredeu@cdc.gov,(411) 8306270,Support,2022-02-04,5
32,Zora Lynock,zlynockv@mozilla.org,(570) 5508016,Development,2020-06-11,5
33,Mycah Mussen,mmussenw@a8.net,(329) 6579375,Support,2021-11-02,3
34,Angelle Abramzon,aabramzonx@youtube.com,(583) 2540636,HR,2024-09-18,1
35,Jinny Sellors,jsellorsy@yahoo.co.jp,(357) 8147946,Support,2024-11-01,1
36,Laurent Elverston,lelverstonz@deviantart.com,(732) 2676837,Quality Assurance,2023-03-05,3
37,Piotr Zisneros,pzisneros10@clickbank.net,(131) 7352300,Development,2020-07-29,5
38,Laureen Fumagallo,lfumagallo11@cdc.gov,(544) 7729879,Cybersecurity,2020-03-01,4
39,Tomkin Langtree,tlangtree12@google.cn,(914) 7938600,Support,2019-06-11,6
40,Elka Foresight,eforesight13@theglobeandmail.com,(568) 3062435,Cloud Services,2019-09-19,5
41,Sheffield Blockwell,sblockwell14@aol.com,(382) 6700143,Cybersecurity,2023-03-03,3
42,Gayla Lilbourne,glilbourne15@paginegialle.it,(676) 8235565,Support,2022-02-17,5
43,Tessi MacAlaster,tmacalaster16@etsy.com,(516) 5473381,Support,2022-10-19,2
44,Gaspar Pessler,gpessler17@nhs.uk,(261) 3675246,Cybersecurity,2022-10-20,1
45,Chip Alenshev,calenshev18@printfriendly.com,(471) 9412758,Quality Assurance,2023-01-31,6
46,Maritsa Klement,mklement19@squidoo.com,(239) 5427507,Cybersecurity,2020-09-30,4
47,Putnam Lockton,plockton1a@is.gd,(944) 3300951,Cloud Services,2021-02-01,1
48,Leopold Milkin,lmilkin1b@ehow.com,(720) 6890027,Quality Assurance,2021-04-04,4
49,Kala D'Acth,kdacth1c@youtu.be,(964) 5117750,Quality Assurance,2024-11-18,4
50,Bill Harkins,bharkins1d@nps.gov,(407) 2958166,HR,2020-11-11,6
